Survived,Sex,Age,SibSp,Parch,Ticket,Fare,Cabin,Embarked
0,1.0,0.275,0.125,0.0,0.7691176470588236,0.014151057562208049,0.3333333333333333,1.0
1,0.0,0.47500000000000003,0.125,0.0,0.8764705882352941,0.13913573538264068,0.5744680851063829,0.0
1,0.0,0.325,0.0,0.0,0.9838235294117647,0.015468569817999833,0.3333333333333333,1.0
1,0.0,0.4375,0.125,0.0,0.07205882352941176,0.10364429745562033,0.3900709219858156,1.0
0,1.0,0.4375,0.0,0.0,0.6941176470588235,0.015712553569072387,0.3333333333333333,1.0
0,1.0,0.35000000000000003,0.0,0.0,0.40441176470588236,0.01650950209357577,0.3333333333333333,0.5
0,1.0,0.675,0.0,0.0,0.125,0.10122885832000206,0.9078014184397163,1.0
0,1.0,0.025,0.375,0.16666666666666666,0.5808823529411765,0.04113566043083236,0.3333333333333333,1.0
1,0.0,0.3375,0.0,0.3333333333333333,0.5058823529411764,0.021730754366528396,0.3333333333333333,1.0
1,0.0,0.17500000000000002,0.125,0.0,0.19411764705882353,0.058694292654020104,0.3333333333333333,0.0
1,0.0,0.05,0.125,0.16666666666666666,0.9058823529411765,0.03259622914329302,1.0,1.0
1,0.0,0.7250000000000001,0.0,0.0,0.055882352941176466,0.051822148727810165,0.3475177304964539,1.0
0,1.0,0.25,0.0,0.0,0.7867647058823529,0.015712553569072387,0.3333333333333333,1.0
0,1.0,0.48750000000000004,0.125,0.8333333333333333,0.48970588235294116,0.06104473451835265,0.3333333333333333,1.0
0,0.0,0.17500000000000002,0.0,0.0,0.6073529411764705,0.015330377421392339,0.3333333333333333,1.0
1,0.0,0.6875,0.0,0.0,0.225,0.03122992013728673,0.3333333333333333,1.0
0,1.0,0.025,0.5,0.16666666666666666,0.7058823529411764,0.05684821399990475,0.3333333333333333,0.5
1,1.0,0.35000000000000003,0.0,0.0,0.22205882352941175,0.025374310111545468,0.3333333333333333,1.0
0,0.0,0.3875,0.125,0.0,0.4426470588235294,0.03513366015444757,0.3333333333333333,1.0
1,0.0,0.35000000000000003,0.0,0.0,0.27058823529411763,0.014102260811993537,0.3333333333333333,0.0
0,1.0,0.4375,0.0,0.0,0.20441176470588235,0.050748620223090936,0.3333333333333333,1.0
1,1.0,0.42500000000000004,0.0,0.0,0.22352941176470587,0.025374310111545468,0.7801418439716312,1.0
1,0.0,0.1875,0.0,0.0,0.4088235294117647,0.015671954672893913,0.3333333333333333,0.5
1,1.0,0.35000000000000003,0.0,0.0,0.061764705882352944,0.06929138530460494,0.09219858156028368,1.0
0,0.0,0.1,0.375,0.16666666666666666,0.5808823529411765,0.04113566043083236,0.3333333333333333,1.0
1,0.0,0.47500000000000003,0.125,0.8333333333333333,0.4838235294117647,0.06126431989431795,0.3333333333333333,1.0
0,1.0,0.35000000000000003,0.0,0.0,0.26323529411764707,0.014102260811993537,0.3333333333333333,0.0
0,1.0,0.23750000000000002,0.375,0.3333333333333333,0.13970588235294118,0.5133418122566507,0.44680851063829785,1.0
1,0.0,0.35000000000000003,0.0,0.0,0.4161764705882353,0.01537917417160685,0.3333333333333333,0.5
0,1.0,0.35000000000000003,0.0,0.0,0.5323529411764706,0.015411575213749286,0.3333333333333333,1.0
0,1.0,0.5,0.0,0.0,0.8794117647058823,0.05410739813385612,0.3333333333333333,0.0
1,0.0,0.35000000000000003,0.125,0.0,0.8617647058823529,0.2859895551532101,0.2907801418439716,0.0
1,0.0,0.35000000000000003,0.0,0.0,0.4235294117647059,0.015126992566498259,0.3333333333333333,0.5
0,1.0,0.8250000000000001,0.0,0.0,0.8073529411764706,0.020494635090094415,0.3333333333333333,1.0
0,1.0,0.35000000000000003,0.125,0.0,0.8823529411764706,0.16038672010106003,0.3333333333333333,0.0
0,1.0,0.525,0.125,0.0,0.06323529411764706,0.10149724044618187,0.3333333333333333,1.0
1,1.0,0.35000000000000003,0.0,0.0,0.29705882352941176,0.014110458666029575,0.3333333333333333,0.0
0,1.0,0.2625,0.0,0.0,0.7558823529411764,0.015712553569072387,0.3333333333333333,1.0
0,0.0,0.225,0.25,0.0,0.4441176470588235,0.03513366015444757,0.3333333333333333,1.0
1,0.0,0.17500000000000002,0.125,0.0,0.27352941176470585,0.021942337075458514,0.3333333333333333,0.0
0,0.0,0.5,0.125,0.0,0.7455882352941177,0.018493968331299484,0.3333333333333333,1.0
0,0.0,0.3375,0.125,0.0,0.07794117647058824,0.04098927018018883,0.3333333333333333,1.0
0,1.0,0.35000000000000003,0.0,0.0,0.575,0.015411575213749286,0.3333333333333333,0.0
1,0.0,0.037500000000000006,0.125,0.3333333333333333,0.9323529411764706,0.08115719346076702,0.3333333333333333,0.0
1,0.0,0.23750000000000002,0.0,0.0,0.41470588235294115,0.01537917417160685,0.3333333333333333,0.5
0,1.0,0.35000000000000003,0.0,0.0,0.9073529411764706,0.015712553569072387,0.3333333333333333,1.0
0,1.0,0.35000000000000003,0.125,0.0,0.6794117647058824,0.030253985132996517,0.3333333333333333,0.5
1,0.0,0.35000000000000003,0.0,0.0,0.11176470588235293,0.015126992566498259,0.3333333333333333,0.5
0,1.0,0.35000000000000003,0.25,0.0,0.27941176470588236,0.04231498029001666,0.3333333333333333,0.0
0,0.0,0.225,0.125,0.0,0.5544117647058824,0.034743286152731485,0.3333333333333333,1.0
0,1.0,0.08750000000000001,0.5,0.16666666666666666,0.36617647058823527,0.07746484096553544,0.3333333333333333,1.0
0,1.0,0.2625,0.0,0.0,0.7676470588235293,0.01522458606692728,0.3333333333333333,1.0
1,0.0,0.6125,0.125,0.0,0.8632352941176471,0.1497654242623688,0.7092198581560284,0.0
1,0.0,0.36250000000000004,0.125,0.0,0.3514705882352941,0.050748620223090936,0.3333333333333333,1.0
0,1.0,0.8125,0.0,0.16666666666666666,0.04264705882352941,0.1209753416358076,0.1631205673758865,0.0
1,1.0,0.35000000000000003,0.0,0.0,0.13823529411764707,0.06929138530460494,0.5035460992907801,1.0
1,0.0,0.2625,0.0,0.0,0.8161764705882353,0.020494635090094415,0.3333333333333333,1.0
0,1.0,0.35000000000000003,0.0,0.0,0.3161764705882353,0.014110458666029575,0.3333333333333333,0.0
1,0.0,0.0625,0.125,0.3333333333333333,0.825,0.05416439273810667,0.3333333333333333,1.0
0,1.0,0.1375,0.625,0.3333333333333333,0.8323529411764706,0.09154270340242172,0.3333333333333333,1.0
0,1.0,0.275,0.0,0.0,0.28970588235294115,0.014110458666029575,0.3333333333333333,0.0
1,0.0,0.47500000000000003,0.0,0.0,0.047058823529411764,0.15614960068643363,0.14893617021276595,1.0
0,1.0,0.5625,0.125,0.0,0.6720588235294117,0.16293234896625058,0.5673758865248226,1.0
0,1.0,0.05,0.375,0.3333333333333333,0.49558823529411766,0.05445717323939373,0.3333333333333333,1.0
0,1.0,0.35000000000000003,0.0,0.0,0.8838235294117647,0.05410739813385612,0.3333333333333333,0.0
1,1.0,0.35000000000000003,0.125,0.16666666666666666,0.27794117647058825,0.029757819776815374,0.3333333333333333,0.0
1,0.0,0.36250000000000004,0.0,0.0,0.8132352941176471,0.020494635090094415,0.9787234042553191,1.0
0,1.0,0.23750000000000002,0.0,0.0,0.9161764705882353,0.015923941091001644,0.3333333333333333,1.0
1,0.0,0.21250000000000002,0.5,0.3333333333333333,0.36470588235294116,0.015468569817999833,0.3333333333333333,1.0
0,1.0,0.325,0.25,0.0,0.39705882352941174,0.016908073949327893,0.3333333333333333,1.0
0,1.0,0.4,0.0,0.0,0.8191176470588235,0.020494635090094415,0.3333333333333333,1.0
0,0.0,0.2,0.625,0.3333333333333333,0.8323529411764706,0.09154270340242172,0.3333333333333333,1.0
0,1.0,0.2625,0.0,0.0,0.913235294117647,0.1434624456306609,0.3333333333333333,1.0
0,1.0,0.325,0.125,0.0,0.3,0.028212719478023115,0.3333333333333333,0.0
1,1.0,0.4,0.0,0.0,0.11764705882352941,0.11027245763075773,0.3333333333333333,1.0
0,1.0,0.3125,0.0,0.0,0.5102941176470588,0.014931805565640218,0.3333333333333333,1.0
0,1.0,0.35000000000000003,0.0,0.0,0.5220588235294118,0.015411575213749286,0.3333333333333333,1.0
0,1.0,0.35000000000000003,0.0,0.0,0.6955882352941176,0.015712553569072387,0.3333333333333333,1.0
1,1.0,0.0,0.0,0.3333333333333333,0.2323529411764706,0.056604230248832196,0.3333333333333333,1.0
1,0.0,0.375,0.0,0.0,0.6352941176470588,0.024349578357040744,0.3333333333333333,1.0
0,1.0,0.275,0.0,0.0,0.44705882352941173,0.017566830077223785,0.3333333333333333,1.0
1,1.0,0.36250000000000004,0.0,0.0,0.4573529411764706,0.018542765081513996,0.3333333333333333,1.0
1,0.0,0.35000000000000003,0.0,0.0,0.4117647058823529,0.015200187691820024,0.3333333333333333,0.5
0,1.0,0.35000000000000003,0.0,0.0,0.03676470588235294,0.09193307740413781,0.3333333333333333,1.0
1,0.0,0.21250000000000002,0.0,0.0,0.9367647058823529,0.020494635090094415,0.3333333333333333,1.0
1,0.0,0.41250000000000003,0.375,0.0,0.36323529411764705,0.030937139635999665,0.3333333333333333,1.0
0,1.0,0.2,0.125,0.5,0.9941176470588236,0.06709553154495196,0.3333333333333333,1.0
0,1.0,0.35000000000000003,0.0,0.0,0.9588235294117647,0.015712553569072387,0.3333333333333333,1.0
1,0.0,0.28750000000000003,0.375,0.3333333333333333,0.13970588235294118,0.5133418122566507,0.44680851063829785,1.0
0,1.0,0.30000000000000004,0.0,0.0,0.43676470588235294,0.015712553569072387,0.3333333333333333,1.0
0,1.0,0.36250000000000004,0.0,0.0,0.43823529411764706,0.015712553569072387,0.3333333333333333,1.0
0,1.0,0.25,0.0,0.0,0.5014705882352941,0.015330377421392339,0.3333333333333333,1.0
0,1.0,0.5750000000000001,0.125,0.0,0.9970588235294118,0.11940564777490723,0.8581560283687943,1.0
0,1.0,0.325,0.125,0.3333333333333333,0.8058823529411765,0.04015972542654215,0.3333333333333333,1.0
0,1.0,0.7375,0.0,0.0,0.6294117647058823,0.014151057562208049,0.3333333333333333,1.0
0,1.0,0.35000000000000003,0.0,0.0,0.6985294117647058,0.015712553569072387,0.3333333333333333,1.0
0,1.0,0.8875000000000001,0.0,0.0,0.8926470588235293,0.06764049365134761,0.0851063829787234,0.0
1,1.0,0.28750000000000003,0.0,0.16666666666666666,0.9,0.12366716556464086,0.6382978723404256,0.0
1,0.0,0.42500000000000004,0.0,0.16666666666666666,0.17205882352941176,0.044893010197349675,0.3333333333333333,1.0
0,1.0,0.42500000000000004,0.125,0.0,0.22058823529411764,0.050748620223090936,0.3333333333333333,1.0
0,0.0,0.35000000000000003,0.0,0.0,0.5647058823529412,0.015411575213749286,0.3333333333333333,1.0
0,1.0,0.35000000000000003,0.0,0.0,0.5308823529411765,0.015411575213749286,0.3333333333333333,1.0
0,1.0,0.2625,0.0,0.16666666666666666,0.6132352941176471,0.15085515328815924,0.6879432624113475,1.0
0,1.0,0.41250000000000003,0.0,0.0,0.7426470588235294,0.016891873428256675,0.3333333333333333,1.0
0,1.0,0.4625,0.25,0.0,0.3602941176470588,0.015468569817999833,0.3333333333333333,1.0
0,1.0,0.35000000000000003,0.0,0.0,0.5205882352941177,0.015411575213749286,0.3333333333333333,1.0
1,0.0,0.2625,0.0,0.0,0.43529411764705883,0.014931805565640218,0.3333333333333333,1.0
1,1.0,0.35000000000000003,0.0,0.0,0.3735294117647059,0.015175789316712771,0.3333333333333333,1.0
0,1.0,0.47500000000000003,0.0,0.0,0.5705882352941176,0.015411575213749286,0.3333333333333333,1.0
1,0.0,0.35000000000000003,0.125,0.0,0.6897058823529412,0.04713766070721715,0.3333333333333333,0.5
0,1.0,0.5875,0.0,0.0,0.0029411764705882353,0.10149724044618187,0.36879432624113473,1.0
0,0.0,0.17500000000000002,0.125,0.0,0.2838235294117647,0.028212719478023115,0.3333333333333333,0.0
0,1.0,0.275,0.0,0.0,0.40294117647058825,0.015712553569072387,0.3333333333333333,1.0
0,0.0,0.25,0.125,0.0,0.7220588235294118,0.019177122834302632,0.3333333333333333,1.0
0,0.0,0.21250000000000002,0.0,0.0,0.2588235294117647,0.028220722145058292,0.3333333333333333,0.0
0,1.0,0.2625,0.0,0.0,0.9794117647058823,0.015468569817999833,0.3333333333333333,1.0
0,1.0,0.875,0.0,0.0,0.6764705882352942,0.015126992566498259,0.3333333333333333,0.5
0,1.0,0.36250000000000004,0.125,0.0,0.07794117647058824,0.04098927018018883,0.3333333333333333,1.0
0,1.0,0.30000000000000004,0.0,0.16666666666666666,0.8602941176470588,0.4831284260198326,0.2553191489361702,0.0
0,0.0,0.025,0.5,0.3333333333333333,0.48970588235294116,0.06104473451835265,0.3333333333333333,1.0
0,1.0,0.2625,0.25,0.0,0.913235294117647,0.1434624456306609,0.3333333333333333,1.0
0,1.0,0.35000000000000003,0.0,0.0,0.7941176470588235,0.015712553569072387,0.3333333333333333,1.0
0,1.0,0.4,0.125,0.0,0.19411764705882353,0.058694292654020104,0.3333333333333333,0.0
1,0.0,0.4,0.0,0.0,0.3220588235294118,0.025374310111545468,0.8156028368794326,1.0
0,1.0,0.675,0.0,0.16666666666666666,0.6132352941176471,0.15085515328815924,0.6879432624113475,1.0
1,1.0,0.15000000000000002,0.125,0.0,0.27352941176470585,0.021942337075458514,0.3333333333333333,0.0
0,1.0,0.35000000000000003,0.0,0.0,0.6808823529411765,0.015126992566498259,0.3333333333333333,0.5
1,1.0,0.30000000000000004,0.0,0.0,0.7955882352941176,0.01393967004027879,0.3333333333333333,1.0
1,0.0,0.35000000000000003,0.125,0.16666666666666666,0.28823529411764703,0.04364049521284362,0.3333333333333333,0.0
0,1.0,0.5625,0.0,0.0,0.4676470588235294,0.013614293309848433,0.3333333333333333,1.0
0,1.0,0.41250000000000003,0.0,0.0,0.5588235294117647,0.015411575213749286,0.3333333333333333,0.0
0,1.0,0.25,0.0,0.0,0.9411764705882353,0.013760683560491965,0.3333333333333333,1.0
0,0.0,0.5875,0.125,0.0,0.7897058823529411,0.028302115124416098,0.3333333333333333,1.0
1,0.0,0.36250000000000004,0.125,0.0,0.16323529411764706,0.050748620223090936,0.3333333333333333,1.0
0,1.0,0.3125,0.0,0.0,0.8117647058823529,0.025374310111545468,0.3333333333333333,1.0
0,1.0,0.28750000000000003,0.0,0.0,0.9264705882352942,0.02936744577509929,0.3333333333333333,0.0
1,0.0,0.23750000000000002,0.0,0.3333333333333333,0.08088235294117647,0.051301584996521765,0.75177304964539,1.0
0,1.0,0.4625,0.125,0.0,0.07205882352941176,0.10364429745562033,0.3900709219858156,1.0
0,1.0,0.2,0.0,0.0,0.7411764705882353,0.01798980030808316,0.3333333333333333,1.0
0,1.0,0.30000000000000004,0.0,0.0,0.8705882352941177,0.15458810467956932,0.3191489361702128,0.0
0,0.0,0.35000000000000003,0.0,0.3333333333333333,0.2985294117647059,0.029757819776815374,0.3333333333333333,0.0
1,0.0,0.275,0.0,0.0,0.48823529411764705,0.015126992566498259,0.3333333333333333,1.0
1,0.0,0.30000000000000004,0.125,0.0,0.9823529411764705,0.030937139635999665,0.3333333333333333,1.0
0,1.0,0.23750000000000002,0.0,0.0,0.6441176470588236,0.013175122557917838,0.3333333333333333,0.5
0,1.0,0.225,0.0,0.0,0.17352941176470588,0.022446505098674838,0.3333333333333333,1.0
0,1.0,0.23750000000000002,0.125,0.16666666666666666,0.8205882352941176,0.07173122281533045,0.3333333333333333,1.0
1,1.0,0.3375,0.0,0.0,0.5955882352941176,0.015216388212891242,0.3333333333333333,1.0
0,0.0,0.1125,0.25,0.3333333333333333,0.9941176470588236,0.06709553154495196,0.3333333333333333,1.0
0,1.0,0.45,0.0,0.3333333333333333,0.1661764705882353,0.050748620223090936,0.9716312056737588,1.0
0,1.0,0.525,0.0,0.0,0.2161764705882353,0.025374310111545468,0.3333333333333333,1.0
0,1.0,0.6375000000000001,0.0,0.0,0.9147058823529411,0.02444717185746977,0.3333333333333333,1.0
1,0.0,0.275,0.125,0.0,0.052941176470588235,0.12999454257145598,0.4326241134751773,1.0
0,1.0,0.6875,0.0,0.0,0.7588235294117647,0.015712553569072387,0.3333333333333333,1.0
0,1.0,0.5,0.0,0.3333333333333333,0.7911764705882353,0.028302115124416098,0.3333333333333333,1.0
0,1.0,0.35000000000000003,0.0,0.0,0.8426470588235294,0.014273049437744325,0.3333333333333333,1.0
0,1.0,0.6375000000000001,0.0,0.16666666666666666,0.875,0.11980421963065935,0.3333333333333333,0.0
1,0.0,0.2,0.0,0.0,0.6147058823529412,0.015094396337354966,0.3333333333333333,0.5
0,1.0,0.375,0.0,0.0,0.961764705882353,0.015712553569072387,0.3333333333333333,1.0
0,1.0,0.35000000000000003,0.0,0.0,0.37941176470588234,0.016908073949327893,0.3333333333333333,1.0
0,1.0,0.35000000000000003,1.0,0.3333333333333333,0.8352941176470589,0.13575255909676825,0.3333333333333333,1.0
0,1.0,0.55,0.0,0.16666666666666666,0.6911764705882353,0.031425107138144774,0.3333333333333333,1.0
1,0.0,0.5,0.0,0.0,0.8220588235294117,0.030741952635141623,0.3333333333333333,1.0
0,1.0,0.325,0.0,0.0,0.475,0.015175789316712771,0.3333333333333333,1.0
0,1.0,0.21250000000000002,0.0,0.0,0.3897058823529412,0.016908073949327893,0.3333333333333333,1.0
0,1.0,0.0125,0.5,0.16666666666666666,0.36617647058823527,0.07746484096553544,0.3333333333333333,1.0
1,1.0,0.1125,0.0,0.3333333333333333,0.6220588235294118,0.04006213192611313,0.3333333333333333,1.0
1,0.0,0.35000000000000003,0.0,0.16666666666666666,0.041176470588235294,0.10735285047192313,0.8652482269503546,1.0
0,0.0,0.5625,0.125,0.6666666666666666,0.49558823529411766,0.05445717323939373,0.3333333333333333,1.0
0,1.0,0.35000000000000003,0.0,0.0,0.8470588235294118,0.050602229972447406,0.3333333333333333,1.0
0,1.0,0.35000000000000003,0.0,0.0,0.11764705882352941,0.11027245763075773,0.3333333333333333,1.0
0,1.0,0.7625000000000001,0.0,0.0,0.007352941176470588,0.06538764528744409,0.1276595744680851,1.0
0,1.0,0.05,0.5,0.16666666666666666,0.7058823529411764,0.05684821399990475,0.3333333333333333,0.5
1,0.0,0.0125,0.125,0.16666666666666666,0.5058823529411764,0.021730754366528396,0.3333333333333333,1.0
0,1.0,0.2625,0.0,0.0,0.9691176470588235,0.015468569817999833,0.3333333333333333,1.0
0,1.0,0.7000000000000001,0.0,0.0,0.1323529411764706,0.05991421140938287,0.09929078014184398,0.0
0,1.0,0.225,0.125,0.16666666666666666,0.6058823529411764,0.015330377421392339,0.3333333333333333,1.0
0,1.0,0.35000000000000003,0.375,0.16666666666666666,0.7176470588235294,0.049707687947515,0.3333333333333333,1.0
0,0.0,0.625,0.0,0.0,0.8720588235294118,0.05604306762136532,0.48936170212765956,0.0
0,1.0,0.375,0.0,0.0,0.2485294117647059,0.025374310111545468,0.3333333333333333,1.0
0,1.0,0.45,0.0,0.0,0.8441176470588235,0.0,0.3333333333333333,1.0
0,0.0,0.35000000000000003,1.0,0.3333333333333333,0.8352941176470589,0.13575255909676825,0.3333333333333333,1.0
0,1.0,0.35000000000000003,0.0,0.0,0.9249999999999999,0.02937564362913533,0.3333333333333333,0.0
0,1.0,0.1125,0.5,0.3333333333333333,0.4838235294117647,0.06126431989431795,0.3333333333333333,1.0
1,1.0,0.0125,0.25,0.16666666666666666,0.1676470588235294,0.07612293033463641,0.9929078014184397,1.0
1,0.0,0.05,0.0,0.3333333333333333,0.39852941176470585,0.04298993693898376,0.3333333333333333,1.0
0,1.0,0.35000000000000003,0.0,0.0,0.05,0.09759350042902103,0.06382978723404255,1.0
1,0.0,0.35000000000000003,0.125,0.0,0.675,0.030253985132996517,0.3333333333333333,0.5
1,1.0,0.5625,0.0,0.0,0.016176470588235292,0.051822148727810165,0.3333333333333333,1.0
0,1.0,0.5,0.125,0.16666666666666666,0.6397058823529411,0.030253985132996517,0.3333333333333333,0.5
0,1.0,0.45,0.0,0.0,0.5676470588235294,0.015411575213749286,0.3333333333333333,1.0
1,0.0,0.4,0.0,0.0,0.17941176470588235,0.025374310111545468,0.3333333333333333,1.0
0,1.0,0.23750000000000002,0.0,0.0,0.3338235294117647,0.025374310111545468,0.3333333333333333,1.0
1,0.0,0.23750000000000002,0.125,0.0,0.5970588235294118,0.015330377421392339,0.3333333333333333,1.0
1,1.0,0.037500000000000006,0.125,0.16666666666666666,0.1661764705882353,0.050748620223090936,0.9716312056737588,1.0
1,0.0,0.55,0.0,0.0,0.888235294117647,0.05410739813385612,0.19858156028368795,0.0
1,0.0,0.7250000000000001,0.0,0.0,0.8617647058823529,0.2859895551532101,0.3049645390070922,0.0
0,1.0,0.35000000000000003,0.0,0.0,0.6647058823529411,0.015126992566498259,0.3333333333333333,0.5
0,1.0,0.525,0.0,0.16666666666666666,0.7264705882352941,0.01640390592611157,0.3333333333333333,1.0
1,0.0,0.35000000000000003,0.0,0.0,0.6779411764705883,0.015126992566498259,0.3333333333333333,0.5
0,0.0,0.30000000000000004,0.0,0.0,0.23529411764705882,0.025374310111545468,0.3333333333333333,1.0
0,1.0,0.35000000000000003,0.0,0.0,0.45,0.018542765081513996,0.3333333333333333,1.0
0,1.0,0.35000000000000003,1.0,0.3333333333333333,0.8352941176470589,0.13575255909676825,0.3333333333333333,1.0
0,1.0,0.42500000000000004,0.0,0.0,0.3558823529411765,0.012678957201736696,0.3333333333333333,1.0
0,1.0,0.5625,0.0,0.0,0.26029411764705884,0.014102260811993537,0.3333333333333333,0.0
1,1.0,0.225,0.0,0.0,0.7794117647058824,0.015712553569072387,0.3333333333333333,1.0
0,0.0,0.025,0.0,0.16666666666666666,0.4647058823529412,0.02042143996477265,1.0,1.0
0,1.0,0.4,0.125,0.0,0.36323529411764705,0.030937139635999665,0.3333333333333333,1.0
1,1.0,0.325,0.0,0.0,0.3176470588235294,0.036670757786204655,0.3333333333333333,0.0
1,0.0,0.2,0.0,0.0,0.6544117647058824,0.015126992566498259,0.3333333333333333,0.5
1,1.0,0.5,0.0,0.0,0.025,0.060507970265993034,0.05673758865248227,0.0
0,1.0,0.30000000000000004,0.0,0.0,0.9441176470588235,0.013760683560491965,0.3333333333333333,1.0
1,0.0,0.4375,0.0,0.0,0.8382352941176471,0.04098927018018883,0.3333333333333333,1.0
0,1.0,0.275,0.0,0.0,0.7735294117647059,0.014151057562208049,0.3333333333333333,1.0
0,1.0,0.375,0.0,0.0,0.23970588235294119,0.025374310111545468,0.3333333333333333,1.0
0,1.0,0.35000000000000003,0.125,0.0,0.6514705882352941,0.015126992566498259,0.3333333333333333,0.5
1,0.0,0.3875,0.125,0.0,0.611764705882353,0.22109807522194713,0.7234042553191489,0.0
1,0.0,0.3375,0.0,0.0,0.9852941176470588,0.015468569817999833,0.3333333333333333,1.0
0,1.0,0.525,0.125,0.0,0.2088235294117647,0.05270049023167135,0.3333333333333333,1.0
1,0.0,0.4,0.0,0.0,0.09264705882352942,0.14891148113361488,0.652482269503546,0.0
0,1.0,0.375,0.0,0.0,0.9985294117647059,0.020494635090094415,0.3333333333333333,1.0
1,1.0,0.2,0.0,0.0,0.9602941176470589,0.015712553569072387,0.3333333333333333,1.0
0,1.0,0.3375,0.0,0.0,0.15441176470588236,0.025374310111545468,0.3333333333333333,1.0
0,1.0,0.6375000000000001,0.0,0.0,0.15,0.015712553569072387,0.3333333333333333,1.0
0,1.0,0.35000000000000003,0.0,0.0,0.5514705882352942,0.015411575213749286,0.3333333333333333,1.0
1,1.0,0.47500000000000003,0.125,0.0,0.13676470588235293,0.17566830077223786,0.6170212765957447,1.0
0,1.0,0.275,0.0,0.0,0.9044117647058824,0.018249984580226933,0.3333333333333333,1.0
1,1.0,0.23750000000000002,0.0,0.0,0.9882352941176471,0.020494635090094415,0.3333333333333333,1.0
0,1.0,0.25,0.0,0.0,0.7720588235294118,0.014151057562208049,0.3333333333333333,1.0
0,1.0,0.225,0.0,0.0,0.1838235294117647,0.025374310111545468,0.3333333333333333,1.0
0,0.0,0.35000000000000003,0.375,0.16666666666666666,0.7176470588235294,0.049707687947515,0.3333333333333333,1.0
1,0.0,0.4375,0.125,0.0,0.6720588235294117,0.16293234896625058,0.5673758865248226,1.0
0,1.0,0.36250000000000004,0.0,0.0,0.47352941176470587,0.015175789316712771,0.3333333333333333,1.0
0,1.0,0.7375,0.0,0.0,0.18823529411764706,0.026350245115835676,0.3333333333333333,1.0
1,0.0,0.0625,0.5,0.3333333333333333,0.4838235294117647,0.06126431989431795,0.3333333333333333,1.0
0,1.0,0.30000000000000004,0.0,0.0,0.8147058823529412,0.020494635090094415,0.3333333333333333,1.0
0,0.0,0.35000000000000003,0.0,0.0,0.9955882352941177,0.014736618564782174,0.3333333333333333,1.0
0,1.0,0.55,0.125,0.0,0.2911764705882353,0.050748620223090936,0.3333333333333333,1.0
1,0.0,0.1,0.0,0.3333333333333333,0.8176470588235294,0.05123658772523604,0.3333333333333333,1.0
0,1.0,0.23750000000000002,0.0,0.0,0.3397058823529412,0.020494635090094415,0.3333333333333333,1.0
0,1.0,0.41250000000000003,0.0,0.0,0.9352941176470588,0.023959204355324663,0.3333333333333333,1.0
0,0.0,0.35000000000000003,0.125,0.0,0.2838235294117647,0.028212719478023115,0.3333333333333333,0.0
1,0.0,0.35000000000000003,0.125,0.0,0.6529411764705882,0.030253985132996517,0.3333333333333333,0.5
0,1.0,0.36250000000000004,0.0,0.0,0.9911764705882353,0.020494635090094415,0.3333333333333333,1.0
0,1.0,0.275,0.0,0.0,0.9676470588235294,0.013907073811135496,0.3333333333333333,1.0
0,1.0,0.375,0.0,0.0,0.31323529411764706,0.014102260811993537,0.3333333333333333,0.0
0,1.0,0.55,0.25,0.0,0.13529411764705881,0.17566830077223786,0.5531914893617021,0.5
0,0.0,0.3125,0.0,0.0,0.4779411764705882,0.015175789316712771,0.3333333333333333,1.0
1,0.0,0.30000000000000004,0.0,0.3333333333333333,0.24411764705882352,0.028302115124416098,0.3333333333333333,1.0
1,1.0,0.4625,0.125,0.16666666666666666,0.07941176470588235,0.10257896680493714,0.7163120567375887,1.0
0,1.0,0.675,0.125,0.0,0.21176470588235294,0.050748620223090936,0.3333333333333333,1.0
0,1.0,0.35000000000000003,0.0,0.0,0.6205882352941177,0.014151057562208049,0.3333333333333333,1.0
0,0.0,0.36250000000000004,0.125,0.16666666666666666,0.4647058823529412,0.02042143996477265,1.0,1.0
0,1.0,0.775,0.0,0.0,0.045588235294117645,0.051822148727810165,0.5886524822695035,1.0
0,1.0,0.375,0.125,0.0,0.788235294117647,0.031425107138144774,0.3333333333333333,1.0
0,0.0,0.5125000000000001,0.0,0.3333333333333333,0.6735294117647058,0.039452172548431745,0.3333333333333333,1.0
1,0.0,0.36250000000000004,0.0,0.3333333333333333,0.27205882352941174,0.029757819776815374,0.3333333333333333,0.0
1,0.0,0.35000000000000003,0.0,0.0,0.8661764705882353,0.15458810467956932,0.3333333333333333,0.0
1,0.0,0.375,0.0,0.0,0.0,0.16883675574220638,0.2836879432624113,1.0
1,0.0,0.4375,0.0,0.0,0.8941176470588235,1.0,0.3333333333333333,0.0
1,0.0,0.625,0.0,0.16666666666666666,0.16911764705882354,0.050748620223090936,0.3333333333333333,1.0
0,1.0,0.35000000000000003,0.0,0.0,0.7088235294117647,0.015126992566498259,0.3333333333333333,0.5
1,1.0,0.037500000000000006,0.5,0.3333333333333333,0.4838235294117647,0.06126431989431795,0.3333333333333333,1.0
0,1.0,0.65,0.125,0.16666666666666666,0.0014705882352941176,0.1554664461834305,0.9432624113475178,1.0
0,1.0,0.5,0.0,0.0,0.023529411764705882,0.0,0.326241134751773,1.0
0,0.0,0.35000000000000003,0.0,0.0,0.7029411764705882,0.015126992566498259,0.3333333333333333,0.5
0,1.0,0.45,0.0,0.0,0.8029411764705883,0.020494635090094415,0.3333333333333333,1.0
0,1.0,0.2,0.5,0.16666666666666666,0.36617647058823527,0.07746484096553544,0.3333333333333333,1.0
1,1.0,0.3125,0.125,0.0,0.49117647058823527,0.015175789316712771,0.3333333333333333,1.0
1,0.0,0.7250000000000001,0.0,0.16666666666666666,0.8647058823529412,0.2995388511917728,0.40425531914893614,1.0
1,0.0,0.4375,0.0,0.0,0.9014705882352941,0.2647385704347907,0.6312056737588653,1.0
0,1.0,0.35000000000000003,0.0,0.0,0.06911764705882353,0.060507970265993034,0.3333333333333333,1.0
1,1.0,0.3125,0.0,0.0,0.8441176470588235,0.0,0.3333333333333333,1.0
1,0.0,0.5125000000000001,0.0,0.16666666666666666,0.23823529411764705,0.038061465167318204,0.3333333333333333,1.0
0,1.0,0.4625,0.0,0.16666666666666666,0.8735294117647059,0.057970539254838485,0.3829787234042553,0.0
1,0.0,0.35000000000000003,0.0,0.0,0.6838235294117647,0.015126992566498259,0.3333333333333333,0.5
1,0.0,0.7875000000000001,0.125,0.0,0.10441176470588236,0.15216446768991498,0.7943262411347518,1.0
0,0.0,0.5625,0.0,0.0,0.47941176470588237,0.015126992566498259,0.3333333333333333,1.0
0,1.0,0.35000000000000003,0.0,0.0,0.19852941176470587,0.0,0.3333333333333333,1.0
0,1.0,0.08750000000000001,0.5,0.16666666666666666,0.7058823529411764,0.05684821399990475,0.3333333333333333,0.5
1,0.0,0.4375,0.125,0.16666666666666666,0.8102941176470588,0.03952536767375352,0.3333333333333333,1.0
0,1.0,0.8125,0.0,0.0,0.4264705882352941,0.015126992566498259,0.3333333333333333,0.5
0,1.0,0.35000000000000003,0.0,0.0,0.5,0.015330377421392339,0.3333333333333333,1.0
0,1.0,0.2,0.0,0.0,0.45588235294117646,0.018542765081513996,0.3333333333333333,1.0
1,1.0,0.23750000000000002,0.0,0.0,0.7838235294117647,0.015712553569072387,0.3333333333333333,1.0
0,1.0,0.35000000000000003,0.0,0.0,0.03529411764705882,0.050748620223090936,0.02127659574468085,1.0
0,1.0,0.41250000000000003,0.0,0.0,0.5558823529411765,0.016908073949327893,0.3333333333333333,0.0
1,1.0,0.375,0.0,0.0,0.45294117647058824,0.018542765081513996,0.3333333333333333,1.0
0,1.0,0.275,0.0,0.0,0.5191176470588236,0.015411575213749286,0.3333333333333333,1.0
1,1.0,0.525,0.0,0.0,0.19705882352941176,0.025374310111545468,0.3333333333333333,1.0
1,0.0,0.275,0.0,0.0,0.6823529411764706,0.015126992566498259,0.3333333333333333,0.5
1,0.0,0.325,0.0,0.0,0.1338235294117647,0.15390495017656614,0.3333333333333333,1.0
1,0.0,0.23750000000000002,0.125,0.0,0.09411764705882353,0.17777475888549785,0.21985815602836878,0.0
0,1.0,0.45,0.0,0.0,0.9338235294117647,0.025130326360472913,0.3333333333333333,0.0
0,0.0,0.30000000000000004,0.0,0.0,0.5529411764705883,0.01727404957593672,0.3333333333333333,1.0
0,1.0,0.30000000000000004,0.0,0.0,0.55,0.015411575213749286,0.3333333333333333,1.0
0,1.0,0.35000000000000003,0.0,0.0,0.8911764705882352,0.05410739813385612,0.3333333333333333,0.0
0,1.0,0.28750000000000003,0.0,0.0,0.31176470588235294,0.014110458666029575,0.3333333333333333,0.0
0,0.0,0.025,0.125,0.3333333333333333,0.054411764705882354,0.29580589980036276,0.43971631205673756,1.0
1,1.0,0.35000000000000003,0.0,0.0,0.14411764705882352,0.05953203526170282,0.36170212765957444,1.0
1,0.0,0.625,0.0,0.16666666666666666,0.8602941176470588,0.4831284260198326,0.2553191489361702,0.0
1,0.0,0.35000000000000003,0.0,0.0,0.7544117647058823,0.015126992566498259,0.3333333333333333,0.5
1,1.0,0.35000000000000003,0.25,0.0,0.6485294117647059,0.04538097769949478,0.3333333333333333,0.5
0,1.0,0.23750000000000002,0.0,0.0,0.8441176470588235,0.0,0.3333333333333333,1.0
1,0.0,0.35000000000000003,0.0,0.0,0.1602941176470588,0.024105594605968193,0.8156028368794326,0.5
0,1.0,0.35000000000000003,0.0,0.0,0.775,0.015712553569072387,0.3333333333333333,1.0
1,1.0,0.0,0.125,0.3333333333333333,0.054411764705882354,0.29580589980036276,0.43971631205673756,1.0
1,0.0,0.35000000000000003,0.0,0.0,0.12205882352941176,0.21642978772242535,0.3333333333333333,0.0
1,0.0,0.21250000000000002,0.125,0.0,0.8985294117647059,0.2125586439344078,0.524822695035461,0.0
0,1.0,0.375,0.125,0.0,0.8455882352941176,0.04684488020593009,0.3333333333333333,0.0
1,0.0,0.375,0.0,0.0,0.8588235294117647,0.11111839809247648,0.8794326241134751,0.0
1,0.0,0.30000000000000004,0.0,0.0,0.08676470588235294,0.16231419173453318,0.5106382978723404,0.0
1,0.0,0.225,0.25,0.3333333333333333,0.8852941176470588,0.5121218935012878,0.24822695035460993,0.0
0,0.0,0.325,0.125,0.16666666666666666,0.24558823529411763,0.050748620223090936,0.3333333333333333,1.0
0,1.0,0.35000000000000003,0.0,0.0,0.5617647058823529,0.015411575213749286,0.3333333333333333,1.0
0,1.0,0.5375,0.125,0.16666666666666666,0.8397058823529412,0.05123658772523604,0.3333333333333333,1.0
1,0.0,0.325,0.0,0.0,0.5044117647058823,0.015330377421392339,0.3333333333333333,1.0
1,0.0,0.30000000000000004,0.125,0.0,0.22058823529411764,0.050748620223090936,0.3333333333333333,1.0
0,1.0,0.675,0.0,0.0,0.3411764705882353,0.027326180120125887,0.3333333333333333,1.0
1,0.0,0.3875,0.0,0.3333333333333333,0.6661764705882353,0.32179836714362564,0.5390070921985816,1.0
1,0.0,0.5,0.125,0.16666666666666666,0.11911764705882352,0.2625265161540666,0.8723404255319148,0.0
0,1.0,0.275,0.0,0.0,0.7705882352941177,0.014151057562208049,0.3333333333333333,1.0
0,1.0,0.3375,0.0,0.0,0.5367647058823529,0.015411575213749286,0.3333333333333333,1.0
1,0.0,0.375,0.0,0.0,0.18235294117647058,0.024105594605968193,0.3333333333333333,0.5
1,0.0,0.275,0.125,0.16666666666666666,0.2323529411764706,0.056604230248832196,0.3333333333333333,1.0
0,1.0,0.35000000000000003,1.0,0.3333333333333333,0.8352941176470589,0.13575255909676825,0.3333333333333333,1.0
1,0.0,0.45,0.0,0.0,0.9014705882352941,0.2647385704347907,0.46099290780141844,0.0
0,1.0,0.7625000000000001,0.0,0.0,0.43970588235294117,0.012174789178520372,0.3333333333333333,1.0
1,0.0,0.45,0.0,0.0,0.3367647058823529,0.025374310111545468,0.3333333333333333,1.0
1,0.0,0.3875,0.125,0.16666666666666666,0.6220588235294118,0.04006213192611313,0.3333333333333333,1.0
1,0.0,0.2,0.0,0.16666666666666666,0.010294117647058823,0.11316786160148591,0.12056737588652482,0.0
1,0.0,0.35000000000000003,0.25,0.0,0.6485294117647059,0.04538097769949478,0.3333333333333333,0.5
0,1.0,0.5625,0.0,0.0,0.029411764705882353,0.055628295244541985,0.3971631205673759,1.0
0,1.0,0.47500000000000003,0.0,0.16666666666666666,0.8647058823529412,0.2995388511917728,0.6028368794326241,1.0
0,1.0,0.2,0.25,0.0,0.4441176470588235,0.03513366015444757,0.3333333333333333,1.0
1,0.0,0.35000000000000003,0.125,0.0,0.8897058823529411,0.2608674266467732,0.3333333333333333,1.0
0,1.0,0.35000000000000003,0.0,0.0,0.5441176470588235,0.015411575213749286,0.3333333333333333,1.0
0,1.0,0.36250000000000004,0.125,0.0,0.052941176470588235,0.12999454257145598,0.4326241134751773,1.0
1,0.0,0.5125000000000001,0.0,0.0,0.11911764705882352,0.2625265161540666,0.8936170212765957,0.0
1,1.0,0.5625,0.0,0.0,0.75,0.015712553569072387,0.3333333333333333,1.0
0,1.0,0.5625,0.0,0.0,0.057352941176470586,0.06929138530460494,0.3333333333333333,1.0
1,1.0,0.025,0.125,0.16666666666666666,0.1661764705882353,0.050748620223090936,0.9716312056737588,1.0
1,0.0,0.30000000000000004,0.375,0.3333333333333333,0.13970588235294118,0.5133418122566507,0.44680851063829785,1.0
0,1.0,0.35000000000000003,0.0,0.0,0.2338235294117647,0.025374310111545468,0.3333333333333333,1.0
0,1.0,0.3125,0.0,0.0,0.21911764705882353,0.025374310111545468,0.3333333333333333,1.0
0,1.0,0.45,0.0,0.0,0.16470588235294117,0.025374310111545468,0.3333333333333333,1.0
1,0.0,0.30000000000000004,0.0,0.0,0.23088235294117646,0.025374310111545468,0.9787234042553191,1.0
1,0.0,0.5,0.0,0.0,0.3779411764705882,0.025374310111545468,0.3333333333333333,1.0
1,0.0,0.35000000000000003,0.125,0.0,0.7102941176470589,0.031425107138144774,0.3333333333333333,1.0
1,1.0,0.037500000000000006,0.125,0.16666666666666666,0.8264705882352941,0.031034733136428686,0.3333333333333333,1.0
0,1.0,0.525,0.0,0.0,0.38529411764705884,0.016908073949327893,0.3333333333333333,1.0
0,1.0,0.28750000000000003,0.0,0.0,0.7397058823529412,0.01800600082915438,0.3333333333333333,1.0
0,1.0,0.35000000000000003,0.0,0.0,0.044117647058823525,0.06831545030031472,0.41843971631205673,1.0
0,1.0,0.1875,0.125,0.16666666666666666,0.31470588235294117,0.014110458666029575,0.3333333333333333,0.0
0,1.0,0.3125,0.125,0.0,0.5544117647058824,0.034743286152731485,0.3333333333333333,1.0
0,1.0,0.35000000000000003,0.0,0.0,0.2676470588235294,0.014102260811993537,0.3333333333333333,0.0
0,1.0,0.35000000000000003,0.0,0.0,0.4617647058823529,0.018542765081513996,0.3333333333333333,1.0
1,0.0,0.275,0.0,0.16666666666666666,0.041176470588235294,0.10735285047192313,0.8652482269503546,1.0
0,0.0,0.47500000000000003,0.0,0.0,0.19264705882352942,0.025374310111545468,0.3333333333333333,1.0
1,0.0,0.35000000000000003,0.0,0.0,0.4102941176470588,0.01537917417160685,0.3333333333333333,0.5
1,0.0,0.35000000000000003,0.0,0.0,0.41911764705882354,0.01537917417160685,0.3333333333333333,0.5
0,1.0,0.5,0.125,0.6666666666666666,0.49558823529411766,0.05445717323939373,0.3333333333333333,1.0
0,1.0,0.36250000000000004,0.125,0.0,0.9308823529411765,0.05410739813385612,0.3333333333333333,0.0
0,0.0,0.5625,0.0,0.16666666666666666,0.31029411764705883,0.028212719478023115,0.3333333333333333,0.0
0,1.0,0.4375,0.0,0.0,0.9426470588235294,0.013760683560491965,0.3333333333333333,1.0
0,1.0,0.35000000000000003,0.125,0.0,0.675,0.030253985132996517,0.3333333333333333,0.5
0,1.0,0.375,0.0,0.0,0.8,0.014151057562208049,0.3333333333333333,1.0
1,0.0,0.75,0.125,0.0,0.0058823529411764705,0.14687821814567664,0.7304964539007092,0.0
1,0.0,0.35000000000000003,0.0,0.0,0.25735294117647056,0.014110458666029575,0.3333333333333333,0.0
1,0.0,0.35000000000000003,0.0,0.0,0.11470588235294117,0.015126992566498259,0.3333333333333333,0.5
1,0.0,0.30000000000000004,0.0,0.0,0.8544117647058823,0.13526459159462315,0.1702127659574468,0.0
1,1.0,0.3125,0.125,0.0,0.08529411764705883,0.1082149914547131,0.9219858156028369,0.0
0,1.0,0.225,0.125,0.0,0.3588235294117647,0.012678957201736696,0.3333333333333333,1.0
0,1.0,0.23750000000000002,0.0,0.0,0.40147058823529413,0.015712553569072387,0.3333333333333333,1.0
0,1.0,0.275,0.0,0.0,0.9014705882352941,0.2647385704347907,0.3333333333333333,0.0
0,0.0,0.037500000000000006,0.375,0.16666666666666666,0.5808823529411765,0.04113566043083236,0.3333333333333333,1.0
1,0.0,0.35000000000000003,0.125,0.0,0.8823529411764706,0.16038672010106003,0.3333333333333333,0.0
1,0.0,0.275,0.0,0.0,0.8014705882352942,0.014151057562208049,0.3333333333333333,1.0
0,1.0,0.3375,0.0,0.3333333333333333,0.039705882352941174,0.41282050681475896,0.5602836879432624,0.0
0,1.0,0.25,0.0,0.0,0.2691176470588235,0.007831878409428937,0.3333333333333333,0.0
0,1.0,0.23750000000000002,0.0,0.0,0.4764705882352941,0.015175789316712771,0.3333333333333333,1.0
1,0.0,0.525,0.0,0.0,0.8970588235294118,0.4440992237022602,0.3333333333333333,0.0
1,0.0,0.0125,0.0,0.3333333333333333,0.275,0.030725752114070404,0.3333333333333333,0.0
0,1.0,0.4,0.0,0.0,0.9779411764705882,0.015468569817999833,0.3333333333333333,1.0
1,0.0,0.4375,0.125,0.0,0.06323529411764706,0.10149724044618187,0.3333333333333333,1.0
0,1.0,0.35000000000000003,0.0,0.0,0.5455882352941176,0.015411575213749286,0.3333333333333333,1.0
0,1.0,0.225,0.0,0.0,0.913235294117647,0.1434624456306609,0.3333333333333333,1.0
0,1.0,0.0125,0.625,0.3333333333333333,0.8323529411764706,0.09154270340242172,0.3333333333333333,1.0
1,0.0,0.45,0.0,0.0,0.3235294117647059,0.025374310111545468,0.3333333333333333,1.0
0,1.0,0.35000000000000003,0.0,0.0,0.6573529411764706,0.015086393670319786,0.3333333333333333,0.5
1,0.0,0.21250000000000002,0.0,0.0,0.9191176470588235,0.023422440102965045,0.3333333333333333,0.0
1,1.0,0.45,0.125,0.3333333333333333,0.04852941176470588,0.23422440102965048,0.3333333333333333,1.0
1,1.0,0.2625,0.0,0.0,0.5897058823529412,0.015216388212891242,0.3333333333333333,1.0
0,1.0,0.35000000000000003,0.25,0.0,0.36176470588235293,0.015468569817999833,0.3333333333333333,1.0
1,0.0,0.28750000000000003,0.125,0.0,0.611764705882353,0.22109807522194713,0.7234042553191489,0.0
1,0.0,0.30000000000000004,0.0,0.3333333333333333,0.9058823529411765,0.03259622914329302,1.0,1.0
0,1.0,0.275,0.0,0.0,0.6029411764705882,0.015216388212891242,0.3333333333333333,1.0
0,0.0,0.3875,0.0,0.0,0.6088235294117647,0.015330377421392339,0.3333333333333333,1.0
0,1.0,0.5750000000000001,0.0,0.0,0.3323529411764706,0.050748620223090936,0.3333333333333333,1.0
0,1.0,0.28750000000000003,0.0,0.0,0.21470588235294116,0.020494635090094415,0.3333333333333333,1.0
1,0.0,0.35000000000000003,0.0,0.0,0.20588235294117646,0.02469115560854232,0.3333333333333333,1.0
1,1.0,0.48750000000000004,0.0,0.0,0.975,0.015468569817999833,0.3333333333333333,1.0
0,1.0,0.325,0.0,0.0,0.4294117647058823,0.015712553569072387,0.3333333333333333,1.0
0,0.0,0.2625,0.125,0.0,0.7235294117647059,0.019177122834302632,0.3333333333333333,1.0
0,1.0,0.35000000000000003,0.125,0.0,0.9823529411764705,0.030937139635999665,0.3333333333333333,1.0
0,0.0,0.25,0.0,0.0,0.3926470588235294,0.016908073949327893,0.3333333333333333,1.0
0,1.0,0.42500000000000004,0.125,0.0,0.3382352941176471,0.04098927018018883,0.3333333333333333,1.0
0,1.0,0.6375000000000001,0.0,0.0,0.47205882352941175,0.015126992566498259,0.3333333333333333,1.0
1,1.0,0.037500000000000006,0.125,0.16666666666666666,0.34852941176470587,0.03659756266088288,0.3333333333333333,1.0
0,1.0,0.2625,0.0,0.0,0.375,0.015175789316712771,0.3333333333333333,1.0
0,0.0,0.35000000000000003,0.375,0.16666666666666666,0.7176470588235294,0.049707687947515,0.3333333333333333,1.0
0,1.0,0.35000000000000003,0.0,0.0,0.5397058823529411,0.015411575213749286,0.3333333333333333,1.0
0,1.0,0.35000000000000003,0.0,0.0,0.7161764705882353,0.013386510079847098,0.3333333333333333,0.5
1,0.0,0.41250000000000003,0.125,0.0,0.13529411764705881,0.17566830077223786,0.5531914893617021,0.5
0,1.0,0.35000000000000003,0.0,0.0,0.19852941176470587,0.0,0.3333333333333333,1.0
1,1.0,0.55,0.0,0.0,0.9632352941176471,0.015468569817999833,0.3333333333333333,1.0
0,0.0,0.35000000000000003,0.0,0.0,0.4338235294117647,0.015712553569072387,0.3333333333333333,1.0
1,0.0,0.42500000000000004,0.125,0.16666666666666666,0.32941176470588235,0.06343577527886367,0.3333333333333333,1.0
1,0.0,0.225,0.0,0.3333333333333333,0.24705882352941178,0.025374310111545468,0.3333333333333333,1.0
0,1.0,0.375,0.0,0.0,0.33088235294117646,0.025374310111545468,0.3333333333333333,1.0
0,0.0,0.125,0.0,0.3333333333333333,0.4514705882352941,0.04713766070721715,0.3333333333333333,1.0
0,1.0,0.35000000000000003,0.0,0.0,0.5764705882352941,0.015411575213749286,0.3333333333333333,0.0
0,1.0,0.2625,0.0,0.0,0.7852941176470588,0.015094396337354966,0.3333333333333333,0.5
0,1.0,0.36250000000000004,0.0,0.0,0.38088235294117645,0.015370976317570811,0.3333333333333333,1.0
0,0.0,0.35000000000000003,0.125,0.16666666666666666,0.48676470588235293,0.028106928123558056,0.3333333333333333,1.0
0,1.0,0.225,0.125,0.16666666666666666,0.6735294117647058,0.039452172548431745,0.3333333333333333,1.0
0,1.0,0.35000000000000003,0.0,0.0,0.7661764705882352,0.014151057562208049,0.3333333333333333,1.0
1,0.0,0.35000000000000003,0.125,0.0,0.14705882352941177,0.050748620223090936,0.3333333333333333,1.0
1,0.0,0.23750000000000002,0.0,0.0,0.25,0.050748620223090936,0.3333333333333333,1.0
0,1.0,0.35000000000000003,0.0,0.0,0.6426470588235293,0.015126992566498259,0.3333333333333333,0.5
1,1.0,0.4,0.0,0.0,0.9470588235294117,0.015712553569072387,0.8085106382978723,1.0
1,1.0,0.35000000000000003,0.0,0.0,0.004411764705882353,0.051822148727810165,0.5035460992907801,1.0
1,0.0,0.35000000000000003,0.125,0.0,0.7,0.031425107138144774,0.3333333333333333,1.0
1,0.0,0.525,0.125,0.0,0.9220588235294117,0.050748620223090936,0.3333333333333333,1.0
0,1.0,0.21250000000000002,0.0,0.0,0.9661764705882353,0.013907073811135496,0.3333333333333333,1.0
0,1.0,0.625,0.125,0.0,0.10588235294117647,0.1091095334796455,0.900709219858156,1.0
1,0.0,0.17500000000000002,0.125,0.3333333333333333,0.04852941176470588,0.23422440102965048,0.3333333333333333,1.0
0,0.0,0.2625,0.25,0.3333333333333333,0.9941176470588236,0.06709553154495196,0.3333333333333333,1.0
1,0.0,0.30000000000000004,0.25,0.5,0.34852941176470587,0.03659756266088288,0.3333333333333333,1.0
0,1.0,0.8,0.125,0.6666666666666666,0.13970588235294118,0.5133418122566507,0.44680851063829785,1.0
0,1.0,0.3875,0.0,0.0,0.8044117647058824,0.020494635090094415,0.3333333333333333,1.0
1,0.0,0.5625,0.125,0.16666666666666666,0.8397058823529412,0.05123658772523604,0.3333333333333333,1.0
0,1.0,0.25,0.0,0.0,0.4485294117647059,0.018542765081513996,0.3333333333333333,1.0
0,1.0,0.3125,0.125,0.0,0.4823529411764706,0.015175789316712771,0.3333333333333333,1.0
1,0.0,0.35000000000000003,0.0,0.0,0.17058823529411765,0.025374310111545468,0.3333333333333333,1.0
1,1.0,0.35000000000000003,0.0,0.0,0.7338235294117647,0.015834545444608664,0.3333333333333333,1.0
1,1.0,0.05,0.0,0.3333333333333333,0.425,0.15977676072337862,0.07092198581560283,1.0
1,0.0,0.1625,0.0,0.16666666666666666,0.23823529411764705,0.038061465167318204,0.3333333333333333,1.0
1,1.0,0.42500000000000004,0.0,0.0,0.0661764705882353,0.051822148727810165,0.3333333333333333,1.0
1,0.0,0.0625,0.25,0.16666666666666666,0.2852941176470588,0.03758969818624431,0.3333333333333333,0.0
1,1.0,0.65,0.0,0.0,0.058823529411764705,0.05953203526170282,0.3546099290780142,1.0
0,1.0,0.45,0.125,0.3333333333333333,0.825,0.05416439273810667,0.3333333333333333,1.0
0,1.0,0.35000000000000003,0.125,0.0,0.7308823529411764,0.03897240290032268,0.3333333333333333,1.0
0,1.0,0.375,0.0,0.0,0.032352941176470584,0.05416439273810667,0.375886524822695,0.0
1,1.0,0.6125,0.125,0.0,0.12352941176470589,0.17391981561855152,0.6099290780141844,0.0
0,1.0,0.35000000000000003,0.0,0.0,0.7764705882352941,0.015712553569072387,0.3333333333333333,1.0
1,1.0,0.36250000000000004,0.0,0.0,0.5573529411764706,0.015411575213749286,0.3333333333333333,0.0
0,1.0,0.8125,0.0,0.0,0.10735294117647058,0.051822148727810165,0.8865248226950354,1.0
1,0.0,0.35000000000000003,0.125,0.0,0.1264705882352941,0.10122885832000206,0.6808510638297872,1.0
1,0.0,0.625,0.0,0.0,0.8411764705882353,0.020494635090094415,0.3333333333333333,1.0
0,1.0,0.35000000000000003,0.0,0.0,0.6882352941176471,0.015126992566498259,0.3333333333333333,0.5
1,1.0,0.6000000000000001,0.0,0.0,0.1411764705882353,0.051822148727810165,0.8226950354609929,1.0
0,1.0,0.42500000000000004,0.0,0.0,0.6308823529411764,0.015712553569072387,0.3333333333333333,1.0
0,1.0,0.5875,0.0,0.0,0.008823529411764706,0.07514699533034619,0.9361702127659575,1.0
0,1.0,0.6000000000000001,0.0,0.0,0.17794117647058824,0.025374310111545468,0.3333333333333333,1.0
0,1.0,0.35000000000000003,0.0,0.0,0.7926470588235294,0.015712553569072387,0.3333333333333333,1.0
0,1.0,0.47500000000000003,0.0,0.0,0.9397058823529412,0.013760683560491965,0.3333333333333333,1.0
0,1.0,0.35000000000000003,0.0,0.0,0.19852941176470587,0.0,0.3333333333333333,1.0
0,1.0,0.7000000000000001,0.0,0.0,0.06470588235294117,0.051822148727810165,0.3333333333333333,1.0
0,1.0,0.35000000000000003,0.0,0.0,0.6191176470588236,0.015078195816283748,0.3333333333333333,0.5
1,0.0,0.0,0.25,0.16666666666666666,0.2852941176470588,0.03758969818624431,0.3333333333333333,0.0
0,1.0,0.35000000000000003,0.0,0.0,0.4,0.014151057562208049,0.3333333333333333,1.0
0,1.0,0.47500000000000003,0.0,0.0,0.38676470588235295,0.016908073949327893,0.3333333333333333,1.0
1,0.0,0.41250000000000003,0.125,0.3333333333333333,0.825,0.05416439273810667,0.3333333333333333,1.0
1,0.0,0.28750000000000003,0.0,0.0,0.9235294117647058,0.026919605597338588,0.3333333333333333,0.0
0,0.0,0.275,0.0,0.0,0.7485294117647059,0.019201521209409888,0.3333333333333333,1.0
0,1.0,0.35000000000000003,0.0,0.0,0.0029411764705882353,0.10149724044618187,0.0070921985815602835,1.0
0,1.0,0.42500000000000004,0.125,0.0,0.37058823529411766,0.04098927018018883,0.3333333333333333,1.0
0,1.0,0.36250000000000004,0.125,0.0,0.4632352941176471,0.013752485706455927,0.3333333333333333,1.0
0,1.0,0.275,0.0,0.0,0.6044117647058823,0.014679623960531627,0.3333333333333333,1.0
1,0.0,0.025,0.0,0.16666666666666666,0.36911764705882355,0.023983602730431916,0.3333333333333333,1.0
0,1.0,0.1125,0.625,0.3333333333333333,0.8323529411764706,0.09154270340242172,0.3333333333333333,1.0
0,1.0,0.35000000000000003,0.0,0.0,0.2,0.0,0.3333333333333333,1.0
0,1.0,0.625,0.0,0.0,0.7808823529411765,0.015712553569072387,0.3333333333333333,1.0
1,0.0,0.7875000000000001,0.0,0.0,0.7191176470588235,0.018713553707264782,0.3333333333333333,1.0
1,1.0,0.3125,0.125,0.0,0.09411764705882353,0.17777475888549785,0.21985815602836878,0.0
0,0.0,0.35000000000000003,0.375,0.16666666666666666,0.7176470588235294,0.049707687947515,0.3333333333333333,1.0
1,0.0,0.4375,0.125,0.0,0.13676470588235293,0.17566830077223786,0.6170212765957447,1.0
0,1.0,0.7250000000000001,0.0,0.0,0.08970588235294118,0.057970539254838485,0.1773049645390071,0.0
0,1.0,0.375,0.0,0.0,0.7602941176470588,0.015712553569072387,0.3333333333333333,1.0
1,1.0,0.1125,0.125,0.16666666666666666,0.8264705882352941,0.031034733136428686,0.3333333333333333,1.0
0,1.0,0.35000000000000003,0.125,0.0,0.7323529411764705,0.03897240290032268,0.3333333333333333,1.0
0,1.0,0.2625,0.0,0.0,0.9544117647058823,0.014151057562208049,0.3333333333333333,1.0
0,1.0,0.6875,0.0,0.0,0.060294117647058824,0.05953203526170282,0.45390070921985815,1.0
0,1.0,0.8875000000000001,0.0,0.0,0.8867647058823529,0.09662576327876685,0.3333333333333333,0.0
0,1.0,0.2625,0.0,0.0,0.7617647058823529,0.015712553569072387,0.3333333333333333,1.0
0,1.0,0.35000000000000003,0.0,0.0,0.2588235294117647,0.028220722145058292,0.3333333333333333,0.0
1,0.0,0.675,0.125,0.0,0.6676470588235294,0.1527664244005612,0.6737588652482269,0.0
0,1.0,0.35000000000000003,0.0,0.0,0.8294117647058823,0.029473237129564348,0.3333333333333333,1.0
0,0.0,0.3125,0.125,0.3333333333333333,0.054411764705882354,0.29580589980036276,0.43971631205673756,1.0
0,1.0,0.30000000000000004,0.0,0.0,0.5911764705882353,0.015216388212891242,0.3333333333333333,1.0
0,1.0,0.21250000000000002,0.0,0.0,0.3838235294117647,0.016908073949327893,0.3333333333333333,1.0
0,0.0,0.2625,0.0,0.0,0.6367647058823529,0.015126992566498259,0.3333333333333333,0.5
0,0.0,0.35000000000000003,0.0,0.0,0.40588235294117647,0.014891206669461744,0.3333333333333333,0.5
0,0.0,0.4625,0.0,0.0,0.7205882352941176,0.018713553707264782,0.3333333333333333,1.0
1,0.0,0.2,0.0,0.0,0.0,0.16883675574220638,0.2978723404255319,1.0
0,1.0,0.225,0.125,0.0,0.8985294117647059,0.2125586439344078,0.524822695035461,0.0
1,0.0,0.41250000000000003,0.0,0.3333333333333333,0.2647058823529412,0.050748620223090936,0.3333333333333333,1.0
1,1.0,0.35000000000000003,0.0,0.0,0.014705882352941176,0.051822148727810165,0.3333333333333333,1.0
0,1.0,0.35000000000000003,0.0,0.0,0.7970588235294117,0.04396587194327397,0.3333333333333333,1.0
1,1.0,0.325,0.0,0.0,0.11764705882352941,0.11027245763075773,0.3333333333333333,1.0
1,1.0,0.36250000000000004,0.0,0.0,0.7044117647058823,0.015126992566498259,0.3333333333333333,0.5
0,1.0,0.35000000000000003,0.0,0.0,0.9529411764705882,0.015712553569072387,0.3333333333333333,1.0
1,1.0,0.45,0.0,0.0,0.8485294117647059,0.05130978285055781,0.851063829787234,1.0
1,0.0,0.675,0.125,0.0,0.8808823529411764,0.11594107850967697,0.3333333333333333,0.0
0,1.0,0.30000000000000004,0.0,0.0,0.5235294117647059,0.014630827210317117,0.3333333333333333,1.0
0,1.0,0.5875,0.0,0.0,0.6705882352941176,0.06640417918791278,0.7446808510638298,1.0
1,0.0,0.42500000000000004,0.0,0.0,0.8235294117647058,0.020494635090094415,0.9787234042553191,1.0
0,1.0,0.35000000000000003,0.0,0.0,0.6897058823529412,0.04713766070721715,0.3333333333333333,0.5
1,0.0,0.45,0.125,0.0,0.16176470588235295,0.050748620223090936,0.3333333333333333,1.0
0,1.0,0.4,0.0,0.0,0.5602941176470588,0.015411575213749286,0.3333333333333333,1.0
1,0.0,0.375,0.0,0.0,0.09852941176470588,0.18249984580226933,0.2765957446808511,1.0
0,1.0,0.275,0.0,0.0,0.5735294117647058,0.015411575213749286,0.3333333333333333,1.0
0,1.0,0.35000000000000003,0.0,0.0,0.25441176470588234,0.014102260811993537,0.3333333333333333,0.0
1,0.0,0.55,0.0,0.16666666666666666,0.010294117647058823,0.11316786160148591,0.12056737588652482,0.0
0,1.0,0.35000000000000003,0.0,0.0,0.3191176470588235,0.014110458666029575,0.3333333333333333,0.0
0,1.0,0.5,0.0,0.0,0.6558823529411765,0.015126992566498259,0.3333333333333333,0.5
1,0.0,0.625,0.0,0.0,0.9897058823529412,0.020494635090094415,0.3333333333333333,1.0
0,1.0,0.35000000000000003,0.0,0.0,0.8573529411764705,0.4328841690069588,0.624113475177305,1.0
0,1.0,0.48750000000000004,0.0,0.0,0.3676470588235294,0.015468569817999833,0.3333333333333333,1.0
0,1.0,0.28750000000000003,0.25,0.16666666666666666,0.34558823529411764,0.022446505098674838,0.3333333333333333,1.0
1,0.0,0.025,0.125,0.16666666666666666,0.2647058823529412,0.050748620223090936,0.3333333333333333,1.0
0,1.0,0.35000000000000003,0.0,0.0,0.2661764705882353,0.014110458666029575,0.3333333333333333,0.0
0,1.0,0.21250000000000002,0.125,0.16666666666666666,0.3088235294117647,0.014110458666029575,0.3333333333333333,0.0
1,0.0,0.35000000000000003,0.0,0.3333333333333333,0.28823529411764703,0.04364049521284362,0.3333333333333333,0.0
0,0.0,0.375,0.0,0.0,0.38235294117647056,0.016908073949327893,0.3333333333333333,1.0
1,0.0,0.08750000000000001,0.0,0.3333333333333333,0.8397058823529412,0.05123658772523604,0.3333333333333333,1.0
0,1.0,0.5625,0.0,0.0,0.030882352941176472,0.051822148727810165,0.18439716312056736,1.0
1,0.0,0.375,0.0,0.0,0.9029411764705882,0.20772776566317125,0.3333333333333333,0.0
0,1.0,0.35000000000000003,0.0,0.0,0.6264705882352941,0.028302115124416098,0.3333333333333333,1.0
1,0.0,0.275,0.0,0.3333333333333333,0.11029411764705882,0.09661756542473082,0.19148936170212766,0.0
1,0.0,0.45,0.0,0.3333333333333333,1.0,0.13858277060920987,0.14184397163120566,1.0
0,0.0,0.1125,0.5,0.3333333333333333,0.48970588235294116,0.06104473451835265,0.3333333333333333,1.0
0,0.0,0.1375,0.5,0.3333333333333333,0.48970588235294116,0.06104473451835265,0.3333333333333333,1.0
1,1.0,0.4,0.125,0.0,0.3426470588235294,0.050748620223090936,0.3333333333333333,1.0
0,1.0,0.625,0.125,0.0,0.9029411764705882,0.20772776566317125,0.5815602836879432,0.0
0,1.0,0.8,0.0,0.0,0.7367647058823529,0.050748620223090936,0.3333333333333333,1.0
1,0.0,0.23750000000000002,0.125,0.0,0.3426470588235294,0.050748620223090936,0.3333333333333333,1.0
1,1.0,0.35000000000000003,0.0,0.0,0.9279411764705883,0.02705779799394608,0.3333333333333333,0.0
0,1.0,0.41250000000000003,0.125,0.16666666666666666,0.6220588235294118,0.04006213192611313,0.3333333333333333,1.0
1,1.0,0.1,0.125,0.16666666666666666,0.8205882352941176,0.07173122281533045,0.3333333333333333,1.0
1,1.0,0.21250000000000002,0.0,0.3333333333333333,0.12205882352941176,0.21642978772242535,0.5460992907801419,0.0
0,1.0,0.3375,0.0,0.0,0.21764705882352942,0.050748620223090936,0.3333333333333333,1.0
0,1.0,0.35000000000000003,0.0,0.0,0.4176470588235294,0.015281580671177828,0.3333333333333333,0.5
1,1.0,0.275,0.0,0.0,0.2514705882352941,0.014102260811993537,0.3333333333333333,0.0
1,0.0,0.275,0.0,0.0,0.4926470588235294,0.015175789316712771,0.3333333333333333,1.0
0,1.0,0.775,0.0,0.0,0.07647058823529412,0.051822148727810165,0.3333333333333333,1.0
1,0.0,0.6000000000000001,0.125,0.0,0.0838235294117647,0.07729405233978466,0.014184397163120567,0.0
0,1.0,0.35000000000000003,0.0,0.0,0.8970588235294118,0.4440992237022602,0.3333333333333333,0.0
1,0.0,0.48750000000000004,0.125,0.16666666666666666,0.0014705882352941176,0.1554664461834305,0.9432624113475178,1.0
1,0.0,0.45,0.125,0.0,0.4411764705882353,0.033962538149299316,0.3333333333333333,1.0
0,1.0,0.35000000000000003,0.0,0.0,0.6926470588235294,0.015126992566498259,0.3333333333333333,0.5
0,1.0,0.5,0.0,0.0,0.5720588235294117,0.015411575213749286,0.3333333333333333,1.0
0,1.0,0.35000000000000003,0.0,0.0,0.1514705882352941,0.026350245115835676,0.3333333333333333,1.0
0,1.0,0.35000000000000003,0.0,0.0,0.9573529411764706,0.015712553569072387,0.3333333333333333,1.0
0,0.0,0.35000000000000003,0.0,0.0,0.9485294117647058,0.015712553569072387,0.3333333333333333,1.0
0,1.0,0.30000000000000004,0.25,0.0,0.763235294117647,0.04713766070721715,0.3333333333333333,1.0
0,1.0,0.23750000000000002,0.0,0.0,0.5176470588235293,0.015411575213749286,0.3333333333333333,1.0
0,0.0,0.36250000000000004,0.0,0.6666666666666666,0.5808823529411765,0.04113566043083236,0.3333333333333333,1.0
0,1.0,0.35000000000000003,0.0,0.0,0.3044117647058823,0.014110458666029575,0.3333333333333333,0.0
1,1.0,0.4,0.0,0.0,0.6102941176470588,0.015330377421392339,0.3333333333333333,1.0
1,1.0,0.775,0.0,0.0,0.9176470588235294,0.020494635090094415,0.3333333333333333,1.0
1,0.0,0.6625000000000001,0.25,0.0,0.08823529411764705,0.10048070654571319,0.3404255319148936,1.0
1,1.0,0.45,0.0,0.0,0.85,0.051504969851415845,0.851063829787234,1.0
1,0.0,0.35000000000000003,0.0,0.0,0.11323529411764706,0.015126992566498259,0.3333333333333333,0.5
0,1.0,0.2,0.0,0.0,0.7647058823529411,0.015712553569072387,0.3333333333333333,1.0
0,1.0,0.23750000000000002,0.0,0.0,0.6176470588235294,0.028302115124416098,0.3333333333333333,1.0
1,0.0,0.42500000000000004,0.0,0.0,0.21029411764705883,0.025374310111545468,0.3333333333333333,1.0
1,0.0,0.48750000000000004,0.125,0.0,0.10588235294117647,0.1091095334796455,0.900709219858156,1.0
0,0.0,0.35000000000000003,0.125,0.0,0.3073529411764706,0.028220722145058292,0.3333333333333333,0.0
1,1.0,0.4,0.0,0.0,0.9720588235294118,0.015468569817999833,0.3333333333333333,1.0
1,0.0,0.3125,0.125,0.16666666666666666,0.19558823529411765,0.05855610025741262,0.3333333333333333,1.0
1,0.0,0.48750000000000004,0.125,0.16666666666666666,0.12205882352941176,0.21642978772242535,0.5319148936170213,0.0
0,1.0,0.675,0.0,0.0,0.3323529411764706,0.050748620223090936,0.3333333333333333,1.0
0,1.0,0.45,0.0,0.0,0.1,0.07831878409428937,0.0,0.0
0,1.0,0.35000000000000003,0.0,0.0,0.4279411764705882,0.017005667449756914,0.3333333333333333,0.0
1,0.0,0.225,0.0,0.3333333333333333,0.0014705882352941176,0.1554664461834305,0.9503546099290779,1.0
0,1.0,0.5875,0.0,0.0,0.18970588235294117,0.02927805012870631,0.3333333333333333,1.0
1,1.0,0.75,0.125,0.16666666666666666,0.10882352941176471,0.15458810467956932,0.20567375886524822,0.0
0,1.0,0.275,0.0,0.0,0.1161764705882353,0.015712553569072387,0.3333333333333333,1.0
0,1.0,0.35000000000000003,0.0,0.0,0.7573529411764706,0.015712553569072387,0.3333333333333333,1.0
0,1.0,0.4375,0.0,0.0,0.9647058823529412,0.013907073811135496,0.3333333333333333,1.0
1,0.0,0.65,0.125,0.0,0.6676470588235294,0.1527664244005612,0.6737588652482269,0.0
0,1.0,0.5875,0.0,0.0,0.7823529411764706,0.014151057562208049,0.3333333333333333,1.0
0,0.0,0.35000000000000003,0.0,0.3333333333333333,0.638235294117647,0.015126992566498259,0.3333333333333333,0.5
0,1.0,0.4625,0.125,0.0,0.9205882352941176,0.050748620223090936,0.3333333333333333,1.0
0,1.0,0.45,0.125,0.16666666666666666,0.4514705882352941,0.04713766070721715,0.3333333333333333,1.0
1,0.0,0.35000000000000003,0.0,0.0,0.22794117647058823,0.06441171028315387,0.3333333333333333,1.0
0,1.0,0.6125,0.0,0.0,0.8441176470588235,0.0,0.3333333333333333,1.0
0,1.0,0.35000000000000003,0.0,0.0,0.2823529411764706,0.014102260811993537,0.3333333333333333,0.0
1,1.0,0.6125,0.125,0.0,0.8588235294117647,0.11111839809247648,0.028368794326241134,0.0
1,0.0,0.30000000000000004,0.25,0.16666666666666666,0.2088235294117647,0.05270049023167135,0.3333333333333333,1.0
0,1.0,0.35000000000000003,0.0,0.0,0.5294117647058824,0.015411575213749286,0.3333333333333333,1.0
0,1.0,0.35000000000000003,0.0,0.0,0.06764705882352941,0.08275928836380983,0.3333333333333333,1.0
0,1.0,0.55,0.0,0.0,0.6323529411764706,0.015712553569072387,0.3333333333333333,1.0
1,1.0,0.4375,0.0,0.0,0.013235294117647059,0.051822148727810165,0.3333333333333333,0.0
0,1.0,0.45,0.125,0.0,0.5823529411764706,0.030351578633425542,0.3333333333333333,1.0
0,1.0,0.375,0.0,0.0,0.5661764705882353,0.015411575213749286,0.3333333333333333,1.0
1,1.0,0.3375,0.0,0.0,0.07352941176470588,0.05953203526170282,0.3333333333333333,1.0
1,0.0,0.275,0.125,0.3333333333333333,0.9323529411764706,0.08115719346076702,0.3333333333333333,0.0
1,0.0,0.5,0.0,0.0,0.8647058823529412,0.2995388511917728,0.40425531914893614,1.0
0,0.0,0.48750000000000004,0.125,0.8333333333333333,0.48970588235294116,0.06104473451835265,0.3333333333333333,1.0
0,1.0,0.35000000000000003,0.0,0.0,0.9382352941176471,0.013760683560491965,0.3333333333333333,1.0
1,0.0,0.35000000000000003,0.125,0.0,0.6529411764705882,0.030253985132996517,0.3333333333333333,0.5
0,1.0,0.35000000000000003,0.0,0.0,0.6867647058823529,0.015126992566498259,0.3333333333333333,0.5
0,1.0,0.4375,0.0,0.0,0.6338235294117647,0.015712553569072387,0.3333333333333333,1.0
1,0.0,0.30000000000000004,0.125,0.3333333333333333,0.15588235294117647,0.12687155055772734,0.3333333333333333,1.0
0,1.0,0.42500000000000004,0.125,0.16666666666666666,0.48676470588235293,0.028106928123558056,0.3333333333333333,1.0
0,0.0,0.325,0.125,0.0,0.788235294117647,0.031425107138144774,0.3333333333333333,1.0
1,0.0,0.05,0.25,0.16666666666666666,0.1676470588235294,0.07612293033463641,0.9929078014184397,1.0
0,1.0,0.325,0.0,0.0,0.3720588235294118,0.020494635090094415,0.3333333333333333,1.0
0,1.0,0.3375,0.125,0.0,0.27647058823529413,0.028212719478023115,0.3333333333333333,0.0
1,1.0,0.525,0.125,0.0,0.08235294117647059,0.10257896680493714,0.6666666666666666,1.0
1,1.0,0.25,0.125,0.16666666666666666,0.275,0.030725752114070404,0.3333333333333333,0.0
0,1.0,0.2625,0.0,0.0,0.5882352941176471,0.015330377421392339,0.3333333333333333,1.0
0,1.0,0.2625,0.0,0.0,0.7279411764705882,0.031425107138144774,0.3333333333333333,1.0
0,1.0,0.7625000000000001,0.0,0.0,0.6691176470588235,0.06308600017332605,0.7730496453900709,1.0
0,1.0,0.7125,0.0,0.0,0.15294117647058825,0.024105594605968193,0.3333333333333333,0.5
1,0.0,0.2625,0.0,0.0,0.10441176470588236,0.15216446768991498,0.801418439716312,1.0
0,1.0,0.325,0.0,0.0,0.5426470588235294,0.015411575213749286,0.3333333333333333,1.0
0,1.0,0.35000000000000003,0.0,0.0,0.42058823529411765,0.015094396337354966,0.3333333333333333,0.5
1,1.0,1.0,0.0,0.0,0.3205882352941176,0.05855610025741262,0.035460992907801414,1.0
0,1.0,0.6375000000000001,0.0,0.0,0.5073529411764706,0.013768881414528002,0.3333333333333333,1.0
1,1.0,0.4,0.0,0.0,0.10294117647058823,0.05953203526170282,0.23404255319148937,0.0
0,1.0,0.35000000000000003,0.0,0.0,0.01911764705882353,0.0,0.3333333333333333,1.0
0,0.0,0.1125,0.375,0.3333333333333333,0.49558823529411766,0.05445717323939373,0.3333333333333333,1.0
1,0.0,0.35000000000000003,0.0,0.0,0.19117647058823528,0.025374310111545468,0.3333333333333333,1.0
0,1.0,0.4,0.0,0.0,0.9764705882352941,0.015468569817999833,0.3333333333333333,1.0
0,1.0,0.3875,0.125,0.16666666666666666,0.8176470588235294,0.05123658772523604,0.3333333333333333,1.0
0,0.0,0.5125000000000001,0.0,0.8333333333333333,0.36617647058823527,0.07746484096553544,0.3333333333333333,1.0
0,1.0,0.35000000000000003,0.125,0.0,0.7,0.031425107138144774,0.3333333333333333,1.0
0,1.0,0.25,0.0,0.0,0.6014705882352941,0.015330377421392339,0.3333333333333333,1.0
1,0.0,0.30000000000000004,0.0,0.0,0.8544117647058823,0.13526459159462315,0.1702127659574468,0.0
0,0.0,0.025,0.375,0.3333333333333333,0.49558823529411766,0.05445717323939373,0.3333333333333333,1.0
1,1.0,0.35000000000000003,0.0,0.0,0.11764705882352941,0.11027245763075773,0.3333333333333333,1.0
1,0.0,0.0,0.25,0.16666666666666666,0.2852941176470588,0.03758969818624431,0.3333333333333333,0.0
1,1.0,0.6000000000000001,0.125,0.0,0.8632352941176471,0.1497654242623688,0.7092198581560284,0.0
0,1.0,0.23750000000000002,0.0,0.0,0.5485294117647058,0.015411575213749286,0.3333333333333333,1.0
1,1.0,0.7000000000000001,0.0,0.0,0.10147058823529412,0.06929138530460494,0.04964539007092199,0.0
0,1.0,0.35000000000000003,0.0,0.0,0.9117647058823529,0.014736618564782174,0.3333333333333333,1.0
1,0.0,0.28750000000000003,0.0,0.0,0.8338235294117647,0.014736618564782174,0.3333333333333333,1.0
0,1.0,0.35000000000000003,0.0,0.0,0.538235294117647,0.015411575213749286,0.3333333333333333,1.0
1,0.0,0.225,0.0,0.16666666666666666,0.17205882352941176,0.044893010197349675,0.3333333333333333,1.0
0,1.0,0.2625,0.0,0.0,0.7529411764705882,0.01646070534336126,0.3333333333333333,1.0
1,0.0,0.35000000000000003,0.0,0.0,0.4073529411764706,0.015281580671177828,0.3333333333333333,0.5
0,0.0,0.225,0.0,0.0,0.6455882352941177,0.013175122557917838,0.3333333333333333,0.5
0,1.0,0.30000000000000004,0.25,0.0,0.913235294117647,0.1434624456306609,0.3333333333333333,1.0
0,1.0,0.35000000000000003,0.0,0.0,0.5411764705882353,0.015411575213749286,0.3333333333333333,1.0
0,0.0,0.4,0.125,0.16666666666666666,0.6397058823529411,0.030253985132996517,0.3333333333333333,0.5
0,1.0,0.28750000000000003,0.0,0.0,0.35441176470588237,0.025374310111545468,0.3333333333333333,1.0
0,1.0,0.7250000000000001,0.0,0.3333333333333333,0.611764705882353,0.22109807522194713,0.7588652482269503,0.0
1,1.0,0.625,0.25,0.0,0.8897058823529411,0.2608674266467732,0.3333333333333333,1.0
0,1.0,0.5,0.0,0.0,0.2529411764705882,0.014102260811993537,0.3333333333333333,0.0
0,1.0,0.5875,0.0,0.0,0.7294117647058823,0.04994347384455151,0.9290780141843972,1.0
0,1.0,0.45,0.0,0.0,0.525,0.014630827210317117,0.3333333333333333,1.0
1,1.0,0.25,0.125,0.0,0.9705882352941176,0.015468569817999833,0.3333333333333333,1.0
0,1.0,0.4,0.25,0.0,0.913235294117647,0.1434624456306609,0.3333333333333333,1.0
0,1.0,0.3125,0.0,0.0,0.18088235294117647,0.025374310111545468,0.3333333333333333,1.0
0,1.0,0.35000000000000003,0.0,0.0,0.3764705882352941,0.015175789316712771,0.3333333333333333,1.0
0,1.0,0.5375,0.0,0.0,0.7779411764705882,0.015712553569072387,0.3333333333333333,1.0
1,0.0,0.35000000000000003,0.125,0.0,0.14558823529411766,0.10149724044618187,0.41134751773049644,1.0
1,0.0,0.5,0.125,0.16666666666666666,0.3529411764705882,0.07612293033463641,0.3333333333333333,1.0
0,1.0,0.3875,0.125,0.0,0.836764705882353,0.10149724044618187,0.2695035460992908,1.0
0,1.0,0.875,0.0,0.0,0.8088235294117647,0.020494635090094415,0.3333333333333333,1.0
1,1.0,0.3875,0.0,0.0,0.21323529411764705,0.025374310111545468,0.3333333333333333,1.0
0,1.0,0.35000000000000003,0.0,0.0,0.20294117647058824,0.0,0.3333333333333333,1.0
0,1.0,0.225,0.0,0.0,0.5838235294117647,0.015175789316712771,0.3333333333333333,1.0
0,1.0,0.30000000000000004,0.0,0.0,0.4323529411764706,0.015712553569072387,0.3333333333333333,1.0
1,0.0,0.225,0.0,0.0,0.725,0.019209719063445922,0.3333333333333333,1.0
0,0.0,0.5375,0.125,1.0,0.8323529411764706,0.09154270340242172,0.3333333333333333,1.0
1,1.0,0.45,0.0,0.16666666666666666,0.8941176470588235,1.0,0.24113475177304963,0.0
0,0.0,0.35000000000000003,0.0,0.0,0.41323529411764703,0.01588334219482317,0.3333333333333333,0.5
1,1.0,0.3375,0.0,0.0,0.8632352941176471,0.1497654242623688,0.7659574468085106,0.0
0,1.0,0.25,0.0,0.0,0.7352941176470588,0.01800600082915438,0.3333333333333333,1.0
0,1.0,0.17500000000000002,0.625,0.3333333333333333,0.8323529411764706,0.09154270340242172,0.3333333333333333,1.0
0,1.0,0.75,0.125,0.16666666666666666,0.3529411764705882,0.07612293033463641,0.3333333333333333,1.0
0,1.0,0.3125,0.125,0.3333333333333333,0.9323529411764706,0.08115719346076702,0.3333333333333333,0.0
0,1.0,0.17500000000000002,0.5,0.16666666666666666,0.36617647058823527,0.07746484096553544,0.3333333333333333,1.0
0,1.0,0.23750000000000002,0.0,0.0,0.5470588235294117,0.019852079483269742,0.3333333333333333,1.0
0,1.0,0.225,0.0,0.0,0.5926470588235294,0.015216388212891242,0.3333333333333333,1.0
1,0.0,0.1875,0.0,0.16666666666666666,0.20735294117647057,0.41250332793836464,0.22695035460992907,1.0
1,1.0,0.3875,0.125,0.0,0.13088235294117648,0.11125659048908397,0.1347517730496454,1.0
1,0.0,0.05,0.0,0.16666666666666666,0.5779411764705882,0.026187654344120927,0.3333333333333333,0.0
1,1.0,0.35000000000000003,0.0,0.0,0.11764705882352941,0.11027245763075773,0.3333333333333333,1.0
0,1.0,0.3125,0.0,0.0,0.29411764705882354,0.014102260811993537,0.3333333333333333,0.0
0,1.0,0.75,0.0,0.0,0.07058823529411765,0.051822148727810165,0.3333333333333333,1.0
0,1.0,0.65,0.0,0.0,0.22941176470588234,0.026350245115835676,0.3333333333333333,1.0
0,1.0,0.55,0.0,0.0,0.625,0.015712553569072387,0.3333333333333333,1.0
1,0.0,0.35000000000000003,0.0,0.0,0.6161764705882353,0.015094396337354966,0.3333333333333333,0.5
0,1.0,0.6125,0.125,0.16666666666666666,0.12205882352941176,0.21642978772242535,0.5319148936170213,0.0
0,1.0,0.525,0.0,0.0,0.5088235294117647,0.014931805565640218,0.3333333333333333,1.0
1,0.0,0.225,0.125,0.0,0.8970588235294118,0.4440992237022602,0.5177304964539007,0.0
1,1.0,0.4375,0.0,0.0,0.8514705882352941,0.05130978285055781,0.8439716312056738,1.0
0,0.0,0.225,0.0,0.16666666666666666,0.31029411764705883,0.028212719478023115,0.3333333333333333,0.0
0,1.0,0.3125,0.0,0.0,0.6602941176470588,0.015110792045427042,0.3333333333333333,0.5
0,1.0,0.325,0.125,0.0,0.5852941176470589,0.015330377421392339,0.3333333333333333,1.0
0,1.0,0.48750000000000004,0.0,0.0,0.25,0.050748620223090936,0.3333333333333333,1.0
1,0.0,0.5625,0.0,0.0,0.1588235294117647,0.026350245115835676,0.3333333333333333,1.0
1,1.0,0.525,0.0,0.0,0.8529411764705882,0.05130978285055781,0.8439716312056738,1.0
1,0.0,0.275,0.0,0.0,0.054411764705882354,0.29580589980036276,0.3333333333333333,1.0
1,1.0,0.35000000000000003,0.125,0.16666666666666666,0.27794117647058825,0.029757819776815374,0.3333333333333333,0.0
1,0.0,0.30000000000000004,0.0,0.0,0.8558823529411764,0.09662576327876685,0.5957446808510638,0.0
0,1.0,0.35000000000000003,0.0,0.0,0.027941176470588233,0.051822148727810165,0.3971631205673759,1.0
1,1.0,0.6000000000000001,0.125,0.0,0.14558823529411766,0.10149724044618187,0.41134751773049644,1.0
0,1.0,0.36250000000000004,0.0,0.0,0.7441176470588236,0.018510168852370702,0.3333333333333333,1.0
0,1.0,0.65,0.0,0.0,0.2411764705882353,0.025374310111545468,0.3333333333333333,1.0
0,1.0,0.23750000000000002,0.0,0.0,0.5117647058823529,0.014931805565640218,0.3333333333333333,1.0
1,0.0,0.47500000000000003,0.0,0.0,0.8970588235294118,0.4440992237022602,0.46808510638297873,0.0
1,0.0,0.3375,0.0,0.0,0.43088235294117644,0.020494635090094415,0.8156028368794326,1.0
0,1.0,0.35000000000000003,0.0,0.0,0.6470588235294118,0.030253985132996517,0.3333333333333333,0.5
0,1.0,0.41250000000000003,0.0,0.0,0.46911764705882353,0.015175789316712771,0.3333333333333333,1.0
1,0.0,0.07500000000000001,0.0,0.16666666666666666,0.22794117647058823,0.06441171028315387,0.3333333333333333,1.0
0,1.0,0.21250000000000002,0.125,0.0,0.6,0.013768881414528002,0.3333333333333333,1.0
0,1.0,0.42500000000000004,0.0,0.0,0.09558823529411764,0.025374310111545468,0.3333333333333333,1.0
0,1.0,0.625,0.0,0.0,0.23676470588235293,0.025374310111545468,0.3333333333333333,1.0
1,1.0,0.3375,0.125,0.0,0.075,0.10364429745562033,0.9645390070921985,1.0
0,1.0,0.25,0.0,0.0,0.3911764705882353,0.016908073949327893,0.3333333333333333,1.0
1,0.0,0.375,0.375,0.0,0.37058823529411766,0.04098927018018883,0.3333333333333333,1.0
1,0.0,0.35000000000000003,0.0,0.0,0.663235294117647,0.015102594191391004,0.3333333333333333,0.5
0,1.0,0.3125,0.125,0.0,0.18676470588235294,0.050748620223090936,0.3333333333333333,1.0
0,0.0,0.3125,0.125,0.0,0.9808823529411764,0.015468569817999833,0.3333333333333333,1.0
1,0.0,0.36250000000000004,0.0,0.0,0.20735294117647057,0.41250332793836464,0.22695035460992907,1.0
0,1.0,0.1375,0.0,0.0,0.3176470588235294,0.036670757786204655,0.3333333333333333,0.0
0,1.0,0.35000000000000003,0.0,0.0,0.20147058823529412,0.0,0.3333333333333333,1.0
0,1.0,0.28750000000000003,0.0,0.0,0.3352941176470588,0.025374310111545468,0.3333333333333333,1.0
0,1.0,0.28750000000000003,0.0,0.0,0.175,0.025374310111545468,0.3333333333333333,1.0
0,1.0,0.35000000000000003,0.0,0.0,0.7279411764705882,0.031425107138144774,0.3333333333333333,1.0
0,0.0,0.6000000000000001,0.125,0.5,0.9941176470588236,0.06709553154495196,0.3333333333333333,1.0
1,1.0,0.4375,0.0,0.0,0.8941176470588235,1.0,0.10638297872340426,0.0
0,1.0,0.35000000000000003,0.0,0.0,0.513235294117647,0.015411575213749286,0.3333333333333333,1.0
0,1.0,0.35000000000000003,0.0,0.0,0.5352941176470588,0.015411575213749286,0.3333333333333333,1.0
1,1.0,0.35000000000000003,0.0,0.0,0.12058823529411765,0.05855610025741262,0.7375886524822695,1.0
0,1.0,0.45,0.125,0.0,0.1338235294117647,0.15390495017656614,0.47517730496453897,1.0
1,0.0,0.2625,0.25,0.3333333333333333,0.8852941176470588,0.5121218935012878,0.24822695035460993,0.0
0,1.0,0.30000000000000004,0.125,0.0,0.7014705882352941,0.031425107138144774,0.3333333333333333,1.0
1,1.0,0.3875,0.0,0.0,0.9735294117647059,0.015468569817999833,0.3333333333333333,1.0
0,1.0,0.875,0.125,0.16666666666666666,1.0,0.13858277060920987,0.14184397163120566,1.0
0,1.0,0.2,0.125,0.16666666666666666,0.8102941176470588,0.03952536767375352,0.3333333333333333,1.0
1,0.0,0.375,0.0,0.0,0.2426470588235294,0.025374310111545468,0.3333333333333333,1.0
0,1.0,0.23750000000000002,0.125,0.0,0.051470588235294115,0.10364429745562033,0.7021276595744681,1.0
0,1.0,0.3875,0.0,0.0,0.42205882352941176,0.015126992566498259,0.3333333333333333,0.5
1,0.0,0.05,0.125,0.16666666666666666,0.34411764705882353,0.044893010197349675,0.3333333333333333,1.0
1,1.0,0.07500000000000001,0.0,0.16666666666666666,0.7147058823529412,0.024349578357040744,0.8297872340425532,1.0
0,1.0,0.41250000000000003,0.0,0.0,0.4588235294117647,0.018542765081513996,0.3333333333333333,1.0
0,1.0,0.28750000000000003,0.0,0.0,0.5161764705882352,0.015411575213749286,0.3333333333333333,1.0
1,0.0,0.6000000000000001,0.125,0.3333333333333333,0.15588235294117647,0.12687155055772734,0.3333333333333333,1.0
1,1.0,0.0,0.125,0.16666666666666666,0.24411764705882352,0.028302115124416098,0.3333333333333333,1.0
0,1.0,0.35000000000000003,0.0,0.0,0.5941176470588235,0.015216388212891242,0.3333333333333333,1.0
0,1.0,0.225,0.0,0.0,0.35,0.022446505098674838,0.3333333333333333,1.0
0,1.0,0.42500000000000004,0.0,0.0,0.6235294117647059,0.015712553569072387,0.3333333333333333,1.0
1,0.0,0.41250000000000003,0.0,0.0,0.0,0.16883675574220638,0.2836879432624113,1.0
0,1.0,0.35000000000000003,0.0,0.0,0.6176470588235294,0.028302115124416098,0.3333333333333333,1.0
0,1.0,0.5125000000000001,0.0,0.0,0.95,0.013907073811135496,0.3333333333333333,1.0
1,1.0,0.25,0.0,0.0,0.28088235294117647,0.014110458666029575,0.3333333333333333,0.0
1,0.0,0.45,0.125,0.3333333333333333,0.04852941176470588,0.23422440102965048,0.3333333333333333,1.0
0,1.0,0.2,0.0,0.0,0.4808823529411765,0.015175789316712771,0.3333333333333333,1.0
1,0.0,0.6375000000000001,0.125,0.0,0.10441176470588236,0.15216446768991498,0.6453900709219857,1.0
0,1.0,0.35000000000000003,0.0,0.0,0.026470588235294117,0.07729405233978466,0.3333333333333333,0.0
0,0.0,0.375,0.0,0.0,0.6411764705882352,0.015126992566498259,0.3333333333333333,0.5
0,1.0,0.35000000000000003,0.125,0.0,0.6897058823529412,0.04713766070721715,0.3333333333333333,0.5
0,1.0,0.4,0.0,0.0,0.7514705882352941,0.016322512946753766,0.3333333333333333,1.0
0,1.0,0.30000000000000004,0.0,0.0,0.4602941176470588,0.018542765081513996,0.3333333333333333,1.0
0,1.0,0.6000000000000001,0.0,0.0,0.5985294117647059,0.015330377421392339,0.3333333333333333,1.0
0,0.0,0.7125,0.0,0.0,0.9102941176470588,0.020494635090094415,0.9574468085106382,1.0
0,1.0,0.35000000000000003,0.0,0.0,0.29558823529411765,0.014102260811993537,0.3333333333333333,0.0
1,0.0,0.675,0.125,0.5,0.34705882352941175,0.044893010197349675,0.3333333333333333,1.0
0,1.0,0.225,0.0,0.0,0.4852941176470588,0.015126992566498259,0.3333333333333333,1.0
0,1.0,0.35000000000000003,0.0,0.0,0.7073529411764706,0.015126992566498259,0.9858156028368794,0.5
1,0.0,0.0625,0.0,0.0,0.6352941176470588,0.024349578357040744,0.3333333333333333,1.0
0,1.0,0.35000000000000003,0.0,0.0,0.6617647058823529,0.015102594191391004,0.3333333333333333,0.5
1,0.0,0.5375,0.0,0.16666666666666666,0.20735294117647057,0.41250332793836464,0.15602836879432624,1.0
1,0.0,0.1625,0.0,0.0,0.3058823529411765,0.014110458666029575,0.3333333333333333,0.0
1,0.0,0.21250000000000002,0.125,0.0,0.13088235294117648,0.11125659048908397,0.1347517730496454,1.0
0,1.0,0.36250000000000004,0.0,0.0,0.03823529411764706,0.05855610025741262,0.7872340425531915,1.0
0,1.0,0.35000000000000003,0.125,0.3333333333333333,0.9926470588235294,0.04577135170121086,0.3333333333333333,1.0
0,1.0,0.3125,0.0,0.0,0.9455882352941176,0.013760683560491965,0.3333333333333333,1.0
0,1.0,0.3125,0.0,0.0,0.6970588235294117,0.014151057562208049,0.3333333333333333,1.0
1,0.0,0.225,0.0,0.0,0.3573529411764706,0.014630827210317117,0.3333333333333333,1.0
0,1.0,0.1,0.5,0.16666666666666666,0.7058823529411764,0.05684821399990475,0.3333333333333333,0.5
1,1.0,0.0125,0.125,0.3333333333333333,0.8058823529411765,0.04015972542654215,0.3333333333333333,1.0
0,1.0,0.5750000000000001,0.0,0.0,0.8705882352941177,0.15458810467956932,0.3120567375886525,0.0
0,1.0,0.35000000000000003,0.0,0.0,0.09705882352941177,0.015126992566498259,0.3333333333333333,0.5
0,1.0,0.2,0.0,0.0,0.20441176470588235,0.050748620223090936,0.3333333333333333,1.0
0,0.0,0.35000000000000003,1.0,0.3333333333333333,0.8352941176470589,0.13575255909676825,0.3333333333333333,1.0
0,1.0,0.35000000000000003,0.0,0.0,0.8779411764705882,0.05991421140938287,0.3333333333333333,0.0
0,1.0,0.3125,0.0,0.0,0.5147058823529411,0.015411575213749286,0.3333333333333333,1.0
0,1.0,0.48750000000000004,0.0,0.0,0.32794117647058824,0.025374310111545468,0.3333333333333333,1.0
1,0.0,0.6125,0.0,0.0,0.12794117647058822,0.050610427826483444,0.6595744680851063,1.0
1,0.0,0.3875,0.0,0.0,0.5632352941176471,0.016948672845506364,0.3333333333333333,1.0
0,1.0,0.375,0.0,0.0,0.3029411764705882,0.014110458666029575,0.3333333333333333,0.0
0,0.0,0.375,0.125,0.16666666666666666,0.4514705882352941,0.04713766070721715,0.3333333333333333,1.0
0,1.0,0.42500000000000004,0.0,0.0,0.2411764705882353,0.025374310111545468,0.3333333333333333,1.0
1,0.0,0.3875,0.125,0.16666666666666666,0.8176470588235294,0.05123658772523604,0.3333333333333333,1.0
1,1.0,0.1375,0.125,0.3333333333333333,0.04852941176470588,0.23422440102965048,0.3333333333333333,1.0
1,1.0,0.0,0.0,0.16666666666666666,0.25588235294117645,0.016623491302076868,0.3333333333333333,0.0
1,1.0,0.3375,0.0,0.0,0.4970588235294118,0.013614293309848433,0.3333333333333333,1.0
0,1.0,0.3875,0.0,0.0,0.47058823529411764,0.015175789316712771,0.3333333333333333,1.0
0,1.0,0.48750000000000004,0.0,0.0,0.01764705882352941,0.0,0.07801418439716312,1.0
0,0.0,0.225,0.0,0.0,0.49411764705882355,0.015175789316712771,0.3333333333333333,1.0
0,1.0,0.48750000000000004,0.0,0.0,0.22647058823529412,0.025374310111545468,0.3333333333333333,1.0
1,0.0,0.41250000000000003,0.125,0.0,0.075,0.10364429745562033,0.9645390070921985,1.0
0,1.0,0.325,0.0,0.0,0.4985294117647059,0.015395374692678068,0.3333333333333333,1.0
0,1.0,0.48750000000000004,0.0,0.0,0.763235294117647,0.04713766070721715,0.3333333333333333,1.0
0,1.0,0.4375,0.0,0.0,0.3264705882352941,0.020494635090094415,0.3333333333333333,1.0
0,0.0,0.07500000000000001,0.5,0.3333333333333333,0.48970588235294116,0.06104473451835265,0.3333333333333333,1.0
0,1.0,0.375,0.0,0.0,0.6279411764705882,0.015712553569072387,0.3333333333333333,1.0
0,1.0,0.35000000000000003,0.0,0.0,0.022058823529411763,0.0,0.11347517730496454,1.0
0,0.0,0.28750000000000003,0.0,0.0,0.9867647058823529,0.015468569817999833,0.3333333333333333,1.0
0,1.0,0.3875,0.125,0.16666666666666666,0.9088235294117647,0.07222738817151159,0.3333333333333333,0.0
0,1.0,0.5375,0.0,0.0,0.7985294117647058,0.012589561555343713,0.3333333333333333,1.0
0,1.0,0.125,0.375,0.3333333333333333,0.49558823529411766,0.05445717323939373,0.3333333333333333,1.0
1,0.0,0.65,0.125,0.16666666666666666,0.09852941176470588,0.18249984580226933,0.2624113475177305,1.0
1,1.0,0.3375,0.0,0.0,0.39558823529411763,0.016908073949327893,0.3333333333333333,1.0
0,1.0,0.47500000000000003,0.0,0.0,0.1426470588235294,0.0,0.3333333333333333,1.0
1,0.0,0.3375,0.0,0.16666666666666666,0.7147058823529412,0.024349578357040744,0.8297872340425532,1.0
0,1.0,0.025,0.5,0.16666666666666666,0.36617647058823527,0.07746484096553544,0.3333333333333333,1.0
0,1.0,0.35000000000000003,0.0,0.0,0.6588235294117647,0.013565496559633922,0.3333333333333333,0.5
0,1.0,0.35000000000000003,0.0,0.0,0.11764705882352941,0.11027245763075773,0.3333333333333333,1.0
1,1.0,0.0125,0.0,0.3333333333333333,0.9088235294117647,0.07222738817151159,0.3333333333333333,0.0
1,1.0,0.35000000000000003,0.0,0.0,0.65,0.015126992566498259,0.3333333333333333,0.5
1,0.0,0.775,0.0,0.0,0.047058823529411764,0.15614960068643363,0.14893617021276595,1.0
1,0.0,0.1875,0.125,0.0,0.27647058823529413,0.028212719478023115,0.3333333333333333,0.0
1,1.0,0.0,0.125,0.16666666666666666,0.34852941176470587,0.03659756266088288,0.3333333333333333,1.0
0,1.0,0.35000000000000003,0.0,0.0,0.2926470588235294,0.014110458666029575,0.3333333333333333,0.0
0,1.0,0.28750000000000003,0.0,0.0,0.5029411764705882,0.015330377421392339,0.3333333333333333,1.0
0,1.0,0.225,0.0,0.0,0.15735294117647058,0.016200521071217493,0.3333333333333333,1.0
1,0.0,0.48750000000000004,0.125,0.16666666666666666,0.8955882352941177,0.16231419173453318,0.9148936170212766,0.0
0,1.0,0.2625,0.0,0.0,0.3941176470588235,0.016908073949327893,0.3333333333333333,1.0
0,1.0,0.35000000000000003,0.0,0.0,0.7132352941176471,0.015712553569072387,0.3333333333333333,1.0
1,1.0,0.4,0.0,0.0,0.11764705882352941,0.11027245763075773,0.3333333333333333,1.0
1,1.0,0.35000000000000003,0.0,0.0,0.09117647058823529,0.057970539254838485,0.48226950354609927,0.0
0,1.0,0.25,0.0,0.0,0.9514705882352941,0.015468569817999833,0.3333333333333333,1.0
0,1.0,0.2,0.0,0.0,0.9102941176470588,0.020494635090094415,0.3333333333333333,1.0
1,0.0,0.375,0.0,0.0,0.06911764705882353,0.060507970265993034,0.3333333333333333,0.0
0,1.0,0.42500000000000004,0.0,0.0,0.3014705882352941,0.012565163180236457,0.3333333333333333,0.0
0,1.0,0.21250000000000002,0.0,0.0,0.38823529411764707,0.016908073949327893,0.3333333333333333,1.0
0,1.0,0.525,0.0,0.0,0.8279411764705882,0.014736618564782174,0.3333333333333333,1.0
0,1.0,0.35000000000000003,1.0,0.3333333333333333,0.8352941176470589,0.13575255909676825,0.3333333333333333,1.0
0,1.0,0.4375,0.0,0.0,0.5279411764705882,0.015411575213749286,0.3333333333333333,0.0
0,1.0,0.35000000000000003,0.0,0.16666666666666666,0.22794117647058823,0.06441171028315387,0.3333333333333333,1.0
1,0.0,0.35000000000000003,0.125,0.0,0.12352941176470589,0.17391981561855152,0.6099290780141844,0.0
0,1.0,0.05,0.5,0.3333333333333333,0.48970588235294116,0.06104473451835265,0.3333333333333333,1.0
0,1.0,0.925,0.0,0.0,0.4661764705882353,0.015175789316712771,0.3333333333333333,1.0
0,0.0,0.1125,0.125,0.16666666666666666,0.2985294117647059,0.029757819776815374,0.3333333333333333,0.0
1,0.0,0.2,0.0,0.16666666666666666,0.8691176470588236,0.07690367833806856,0.6950354609929078,1.0
0,0.0,0.55,0.125,0.0,0.21176470588235294,0.050748620223090936,0.3333333333333333,1.0
1,0.0,0.225,0.0,0.16666666666666666,0.711764705882353,0.018249984580226933,0.3333333333333333,1.0
1,0.0,0.5625,0.125,0.16666666666666666,0.6661764705882353,0.32179836714362564,0.3333333333333333,1.0
1,1.0,0.6375000000000001,0.0,0.0,0.033823529411764704,0.051822148727810165,0.8368794326241135,1.0
1,0.0,0.30000000000000004,0.0,0.5,0.2852941176470588,0.03758969818624431,0.3333333333333333,0.0
0,1.0,0.35000000000000003,0.0,0.0,0.26176470588235295,0.014110458666029575,0.3333333333333333,0.0
0,1.0,0.5125000000000001,0.25,0.0,0.586764705882353,0.027537567642055148,0.3333333333333333,1.0
0,1.0,0.2625,0.125,0.0,0.325,0.022446505098674838,0.3333333333333333,1.0
1,0.0,0.6000000000000001,0.0,0.0,0.12941176470588234,0.050610427826483444,0.6595744680851063,1.0
0,0.0,0.35000000000000003,1.0,0.3333333333333333,0.8352941176470589,0.13575255909676825,0.3333333333333333,1.0
0,1.0,0.30000000000000004,0.0,0.0,0.1764705882352941,0.025374310111545468,0.3333333333333333,1.0
1,0.0,0.525,0.0,0.0,0.18529411764705883,0.025374310111545468,0.3333333333333333,1.0
1,0.0,0.3375,0.125,0.0,0.9294117647058824,0.027049600139910042,0.3333333333333333,0.0
0,1.0,0.3875,0.0,0.0,0.8676470588235294,0.09856123757927521,0.0425531914893617,1.0
0,1.0,0.35000000000000003,0.0,0.0,0.45441176470588235,0.018542765081513996,0.3333333333333333,1.0
1,1.0,0.05,0.125,0.16666666666666666,0.5058823529411764,0.021730754366528396,0.3333333333333333,1.0
0,1.0,0.325,0.0,0.0,0.5691176470588235,0.015411575213749286,0.3333333333333333,1.0
1,0.0,0.5875,0.125,0.16666666666666666,0.07941176470588235,0.10257896680493714,0.7163120567375887,1.0
0,1.0,0.41250000000000003,0.0,0.0,0.7382352941176471,0.009759350042902102,0.24113475177304963,1.0
0,1.0,0.5875,0.0,0.0,0.4455882352941176,0.017566830077223785,0.3333333333333333,1.0
1,0.0,0.35000000000000003,0.125,0.0,0.8455882352941176,0.04684488020593009,0.3333333333333333,0.0
1,0.0,0.1875,0.0,0.0,0.2867647058823529,0.014102260811993537,0.3333333333333333,0.0
0,1.0,0.25,0.0,0.0,0.7411764705882353,0.019217721730481106,0.3333333333333333,1.0
0,1.0,0.23750000000000002,0.0,0.0,0.5264705882352941,0.015411575213749286,0.3333333333333333,1.0
0,1.0,0.35000000000000003,0.0,0.0,0.5338235294117647,0.015411575213749286,0.3333333333333333,1.0
1,0.0,0.7000000000000001,0.0,0.16666666666666666,0.08676470588235294,0.16231419173453318,0.49645390070921985,0.0
1,0.0,0.3125,0.0,0.16666666666666666,0.16911764705882354,0.050748620223090936,0.3333333333333333,1.0
0,1.0,0.41250000000000003,0.0,0.0,0.5794117647058823,0.015411575213749286,0.3333333333333333,1.0
0,0.0,0.275,0.0,0.0,0.7470588235294118,0.02052723131923771,0.3333333333333333,1.0
0,1.0,0.35000000000000003,0.0,0.0,0.8308823529411764,0.020494635090094415,0.3333333333333333,1.0
0,1.0,0.3125,0.0,0.0,0.9558823529411764,0.013760683560491965,0.3333333333333333,1.0
0,0.0,0.48750000000000004,0.0,0.8333333333333333,0.7058823529411764,0.05684821399990475,0.3333333333333333,0.5
0,1.0,0.3375,0.0,0.0,0.14852941176470588,0.025374310111545468,0.3333333333333333,1.0
1,0.0,0.23750000000000002,0.0,0.0,0.020588235294117647,0.05855610025741262,0.2127659574468085,1.0
0,0.0,0.35000000000000003,0.125,0.3333333333333333,0.9926470588235294,0.04577135170121086,0.3333333333333333,1.0
1,1.0,0.325,0.0,0.0,0.011764705882352941,0.05855610025741262,0.425531914893617,0.0
0,1.0,0.4,0.0,0.0,0.6852941176470588,0.015126992566498259,0.3333333333333333,0.5
